Query,Parameter,Codigestion,TS,VS,VS_TS,SCOD,CN,N_NH4,Carbs,Protein,Lipid,ISR,CoSR,WorkVol,Temp,pH,HTR,OLR,VFAs
3,2012_He et al.,No,182.8,160,87.48,5692.1845,63.62,1237.3816,15961.5,4965.8,8551.817,33,0,2,35,3.7,9,3.7,18000
4,2012_He et al.,No,182.8,160,87.48,5910.0927,63.62,1103.865,15961.5,4965.8,8551.817,33,0,2,55,4.15,9,4.15,16000
5,2012_He et al.,No,182.8,160,87.48,6013.3957,63.62,1105.1409,15961.5,4965.8,8551.817,33,0,2,70,4.45,9,4.45,14000
6,2012_Nagao et al.,No,38.1,35.17,92.3,3000,14.06,667.903,10203.7384,5173.0708,3993.6465,1.67,0,3,37,3.77,8,3.77,8149
7,2012_Nagao et al.,No,38.1,35.17,92.3,3000,14.06,560.7078,7850.3756,3948.3882,2348.7345,1.67,0,3,37,6.46,16,6.46,19210
8,2012_Xu et al.,No,83.7,81.27,97.1,16912.6476,22.2433,744.6967,32560.0626,12801.9848,7692.4131,15.1613,0,4.6,35,4.4,17,4.4,6800
9,2012_Xu et al.,No,83.7,81.27,97.1,19371.3779,20.5762,401.4786,32247.4165,11321.2903,9124.7794,5,0,4.6,35,4.85,17,4.85,10370
10,2012_Xu et al.,No,83.7,81.27,97.1,20638.2424,20.8325,565.1645,31673.3955,12070.9746,8003.574,20,0,4.6,35,4.85,17,4.85,10370
11,2012_Xu et al.,No,83.7,81.27,97.1,21692.7762,18.2107,425.5169,26995.9569,11893.319,7964.0503,80,0,4.6,35,4.85,17,4.85,11800
15,2013_Jiang et al.,No,205.3,199.5,97.17,86920,13.45,650,30248.4021,11712.1967,6481.1829,21.05,0,4.5,35,3,8,3,13940
16,2013_Jiang et al.,No,205.3,199.5,97.17,58293.7245,13.45,650,43019.5158,12175.396,12303.5093,21.05,0,4.5,35,5,8,5,17080
17,2013_Jiang et al.,No,205.3,199.5,97.17,86920,13.45,2140,46786.7338,13088.6752,13893.6493,21.05,0,4.5,35,6,8,6,39460
18,2013_Jiang et al.,No,205.3,199.5,97.17,71409.1443,13.45,2140,41977.1052,13014.8958,12796.0704,21.05,0,4.5,35,7,8,7,37090
19,2013_Jiang et al.,No,205.3,199.5,97.17,86920,13.45,2208,36982.7629,12087.7119,12170.1543,21.05,0,4.5,45,6,8,6,47890
20,2013_Jiang et al.,No,205.3,199.5,97.17,39581.883,13.45,815,33815.3708,10943.6103,11087.1323,21.05,0,4.5,55,6,8,6,14900
21,2013_Jiang et al.,No,205.3,199.5,97.17,22370,13.45,468.6,44927.1655,12064.1073,12240.5346,21.05,0,4.5,35,6,5,6,13270
22,2013_Jiang et al.,No,205.3,199.5,97.17,34220,13.45,750.8,46636.5185,12986.6226,12678.4617,21.05,0,4.5,35,6,5,6,21440
23,2013_Jiang et al.,No,205.3,199.5,97.17,56620,13.45,841.67,48685.9527,13151.619,13351.8292,21.05,0,4.5,35,6,5,6,24930
24,2013_Jiang et al.,No,205.3,199.5,97.17,45270,13.45,423.5,44307.2574,12006.215,12494.5919,21.05,0,4.5,35,6,5,6,12980
25,2014_Bo et al.,No,100,95,95,22573.2189,24.04,869.1086,70000,13000,10000,15.2414,0,2,35,6.98,5,6.98,3700
26,2014_Bo et al.,No,100,95,95,22415.0926,24.04,902.4416,70000,13000,10000,16.0544,0,2,35,6.69,5,6.69,5200
27,2014_Bo et al.,No,100,95,95,23565.7074,24.04,748.832,70000,13000,10000,14.6376,0,2,35,6.22,5,6.22,8400
28,2014_Bo et al.,No,100,95,95,26083.7173,24.04,656.9188,70000,13000,10000,13.9268,0,2,35,4.98,5,4.98,10300
29,2014_Bo et al.,No,100,95,95,26514.4845,24.04,644.5508,70000,13000,10000,14.2639,0,2,35,5.05,5,5.05,12100
30,2014_Bo et al.,No,100,95,95,26353.9712,24.04,646.7133,70000,13000,10000,14.3776,0,2,35,5.01,5,5.01,11600
31,2014_Browne et al.,No,10.24,9.34,91.2,5151,14.4,397,3552,3030,273.5,46.2,0,32.5,37,8.06,30,8.06,2439
32,2014_Browne et al.,No,10.24,9.34,91.2,5151,14.4,397,3552,3030,273.5,46.2,0,32.5,37,8.06,24,8.06,4289
33,2014_Browne et al.,No,10.24,9.34,91.2,7088,14.4,610,3552,3030,273.5,46.2,0,32.5,37,8.13,24,8.13,6302
34,2014_Browne et al.,No,10.24,9.34,91.2,10093,14.4,697,3552,3030,273.5,46.2,0,32.5,37,8.15,18,8.15,6302
35,2014_Wang et al.,No,240,230.88,96.2,25200,22,1725,94800,26400,26301.6869,20,0,0.5,30,4,20,4,8070
36,2014_Wang et al.,No,240,230.88,96.2,25200,22,1725,94800,26400,28037.5375,20,0,0.5,30,5,20,5,30100
37,2014_Wang et al.,No,240,230.88,96.2,25200,22,2031,94800,26400,28470.586,20,0,0.5,30,6,20,6,30800
38,2014_Wang et al.,No,240,230.88,96.2,25200,22,2031,94800,26400,26324.9675,20,0,0.5,30,4,20,4,9960
39,2014_Wang et al.,No,240,230.88,96.2,25200,22,1419,94800,26400,26174.1447,20,0,0.5,30,4,20,4,2910
40,2014_Wang et al.,No,240,230.88,96.2,25200,22,1419,94800,26400,28114.5259,20,0,0.5,30,5,20,5,34600
41,2014_Wang et al.,No,240,230.88,96.2,25200,22,4080,94800,26400,28191.9487,20,0,0.5,30,6,20,6,51300
42,2014_Wang et al.,No,240,230.88,96.2,25200,22,2061,94800,26400,26392.7017,20,0,0.5,30,4,20,4,8800
48,2015_Dahiya et al.,No,15,14.07,93.8,2112.3098,17.3039,1484.1365,10878.9078,4075.431,4487.1148,10,0,0.4,28,5,2,5,4200
49,2015_Dahiya et al.,No,15,14.07,93.8,1937.1601,15.2533,1449.24,10750.5796,3382.0239,4814.6786,10,0,0.4,28,6,2,6,4500
50,2015_Dahiya et al.,No,15,14.07,93.8,2253.1454,16.0063,1259.3107,9812.7628,3597.669,4128.8204,10,0,0.4,28,7,2,7,4100
51,2015_Dahiya et al.,No,15,14.07,93.8,2305.6176,14.5555,1316.6464,9647.0845,3722.4988,3996.7917,10,0,0.4,28,8,2,8,3800
52,2015_Dahiya et al.,No,15,14.07,93.8,2376.727,14.1302,1414.5936,8406.9211,3824.3791,3742.1026,10,0,0.4,28,9,2,9,5170
53,2015_Dahiya et al.,No,15,14.07,93.8,2408.7096,14.0452,1491.7316,6375.1834,3752.9217,3150.6545,10,0,0.4,28,10,2,10,6300
54,2015_Dahiya et al.,No,15,14.07,93.8,2309.7687,14.308,1403.1947,6497.5535,3728.2789,3090.401,10,0,0.4,28,11,2,11,3500
57,2015_Wang et al.,No,40,38.87,97.18,11149.0063,32.8,860,17967.1915,7547.5993,8600.0076,20,0,4,35,6,5.9899,6,17400
58,2015_Wang et al.,No,70,68.02,97.17,2000,35.1,1398.5,28583.7676,9775.8097,5553.9394,20,0,4,35,6,9.1614,6,26453
59,2015_Wang et al.,No,100,97.17,97.17,1800,48.8,1725.8,40292.1547,12766.8305,6134.1179,20,0,4,35,6,10.2226,6,39720
60,2015_Wang et al.,No,130,126.33,97.18,1980,51.5,1850.5,36647.3014,13547.4127,6906.087,20,0,4,35,6,10.0714,6,41760
61,2015_Wu et al.,No,100,87,87,79300,22.8901,700,33304.344,11305.6907,8567.8868,10,0,1.5,35,4,3,4,17200
62,2015_Wu et al.,No,100,87,87,79300,22.5032,700,36643.5861,11504.6484,10137.5585,10,0,1.5,35,5,3,5,15000
63,2016_Karthikeyan et al.,No,213.514,207.32,97.1,20000,20.2693,1044.3964,42354.6827,14062.1288,13622.2319,14.29,0,3.7,37,6,15,6,23000
64,2016_Karthikeyan et al.,No,213.514,207.32,97.1,20001,19.3765,1391.0843,37340.2841,15786.0294,12437.8459,14.29,0,3.7,37,9,15,9,25000
65,2016_Karthikeyan et al.,No,213.514,207.32,97.1,20000,20.2659,1014.6398,42350.3896,13891.4122,13868.7875,14.29,0,3.7,37,6,15,6,22000
66,2016_Karthikeyan et al.,No,213.514,207.32,97.1,20001,19.227,1437.7399,38105.3534,15936.7791,12839.7648,14.29,0,3.7,37,9,15,9,28000
83,2016_Yu et al.,No,22,19.8,90.1,1755.7975,13.0494,1306.4127,12850.2626,2356.2,4910.4,20,0,0.4,30,6,13,6,29400
84,2016_Yu et al.,No,22,21.12,96.3,2157.8259,14.4722,1455.7562,13049.4098,2513.28,4794.24,20,0,0.4,30,6,15,6,32900
85,2016_Yu et al.,No,22,20.9,94.8,1897.3137,12.9849,1486.069,12342.9494,2487.1,4180,20,0,0.4,30,6,15,6,35500
86,2017_Gottardo et al.,No,53,44,83.02,15177.1953,41,687,5391.6197,2049.9894,58.9656,5,0,200,55,5.3,3.3,5.3,19776
87,2017_Gottardo et al.,No,53,44,83.02,14723.9829,41,687,5347.0398,2079.3421,57.2925,5,0,200,55,5.5,3.3,5.5,13047
88,2017_Gottardo et al.,No,53,44,83.02,14799.4322,41,687,5304.1944,1942.2994,57.3323,5,0,200,55,5.7,3.3,5.7,10282
89,2017_Hussain et al.,No,164.3,131.4,79.96,39000,19.8991,100,14269.1734,7772.6786,6783.6998,4,0,3.5,50,4.3,6.9152,4.3,6000
90,2017_Hussain et al.,No,164.3,131.4,79.96,64000,18.517,101,16789.1969,8646.5984,9612.7216,4,0,3.5,50,5.2,6.1789,5.2,7500
91,2017_Hussain et al.,No,164.3,131.4,79.96,74000,18.483,102,18836.3021,8325.3056,9588.6948,4,0,3.5,50,6.1,6.1667,6.1,24000
92,2017_Hussain et al.,No,164.3,131.4,79.96,82000,18.7177,103,18537.3968,8670.4602,10164.9077,4,0,3.5,50,7.2,6.2442,7.2,36500
93,2017_Hussain et al.,No,164.3,131.4,79.96,83000,18.5379,104,18578.2623,8832.9765,9870.4877,4,0,3.5,50,7.2,6.2564,7.2,49000
94,2018_Yu et al.,No,73.077,69.423,95,31700,5.3,792,12672.4841,9900,8102.8983,20,0,0.5,30,6,16,6,15230
95,2018_Yu et al.,No,73.077,69.423,95,51000,5.3,174,1300,31600,6501.0053,20,0,0.5,30,6,15,6,11450
96,2018_Yu et al.,No,71.538,66.53,93,41500,8.6,166.5,1300,31600,6721.847,20,0,0.5,30,6,15,6,16110
97,2018_Yu et al.,No,73.077,69.423,95,31700,5.3,792,2100,36200,7908.3409,20,0,0.5,30,6,21,6,27600
98,2018_Yu et al.,No,73.077,69.423,95,51000,5.3,174,2100,36200,7932.2182,20,0,0.5,30,6,11,6,13800
99,2019_Cao et al.,No,62.6,59.3,94.73,8778,24.0539,1004.3086,33200,14700,6515,10.83,0,0.3,37,3.45,10,3.45,1256
102,2019_Cheah et al.,No,66,51.5,78,72390,12.0169,257,15553.5792,13016.3445,11251.1205,50,0,0.15,35,6,3.5,6,10120
103,2019_Cheah et al.,No,56.3,41.8,74.2,72750,8.7807,284,11789.1225,13033.7457,10935.584,50,0,0.15,35,6,3.5,6,8610
104,2019_Cheah et al.,No,64.1,48.7,76,57500,9.8518,231,14223.7234,13789.3559,11267.0121,50,0,0.15,35,6,3.5,6,9620
105,2019_Cheah et al.,No,98.3,90,91.6,92720,20.8832,289,37618.2438,17193.7456,12934.99,50,0,0.15,35,10,3.5,10,11110
106,2019_Cheah et al.,No,90,80,88.9,83480,20.5218,232,27739.941,16171.1804,11950.9956,50,0,0.15,35,10,3.5,10,9710
107,2019_Cheah et al.,No,106,90,84.9,93480,19.2017,161,29790.0643,16120.1074,12237.0046,50,0,0.15,35,10,3.5,10,11090
108,2019_Cheah et al.,No,43,41,95.3,15800,20.99,473,19113.6265,11262.2327,9373.7215,50,0,0.15,35,4.8,3.5,4.8,10120
109,2019_Cheah et al.,No,59,56,94.9,32400,19.8747,1075,24550.7671,12872.1187,7696.8387,50,0,0.15,35,4.4,3.5,4.4,8610
110,2019_Cheah et al.,No,43,41,95.3,36700,19.9561,652,20763.496,11933.381,8544.9895,50,0,0.15,35,4.2,3.5,4.2,9620
111,2019_Cheah et al.,No,50,41,82,23600,17.5307,440,16455.3195,12026.3869,8865.3571,50,0,0.15,35,4.2,3.5,4.2,11110
112,2019_Cheah et al.,No,56,52,92.9,40100,19.8094,618,21406.9286,12997.594,9280.2141,50,0,0.15,35,5.7,3.5,5.7,9710
113,2019_Cheah et al.,No,73,61,83.6,37000,18.8727,517,22144.5412,12972.7884,9829.1438,50,0,0.15,35,5.8,3.5,5.8,11090
114,2019_Cheah et al.,No,73,57,78.1,38700,13.2601,670,18916.4524,11478.0763,9795.817,50,0,0.15,35,6.6,3.5,6.6,10120
115,2019_Cheah et al.,No,66,55,83.3,32300,18.8171,390,19902.3615,12294.7897,9131.49,50,0,0.15,35,6.5,3.5,6.5,8610
116,2019_He et al.,No,70,68.95,98.5,24894.6211,11.4255,940,44590,6370,6370,20,0,0.5,30,6,13.877,6,26610
117,2019_He et al.,No,70,68.95,98.5,33182.672,9.2627,146.9,44590,6370,6370,20,0,0.5,30,6,13.2708,6,30360
118,2019_He et al.,No,70,68.95,98.5,32365.1524,9.2432,111,44590,6370,6370,20,0,0.5,30,6,13.415,6,26930
119,2019_He et al.,No,70,68.95,98.5,27213.1087,10.7416,599,44590,6370,6370,20,0,0.5,30,6,13.2915,6,26190
120,2019_He et al.,No,70,68.95,98.5,30361.8549,9.6402,379,44590,6370,6370,20,0,0.5,30,6,13.456,6,24650
121,2019_Jin et al.,No,263,251,95.4,49275,20.17,2004.5878,128607,41817,39685.5,28.58,0,0.5,37,5.5,3,5.5,58307.5
122,2019_Jin et al.,No,263,251,95.4,49275,20.17,2348.1725,128607,41817,39685.5,28.58,0,0.5,37,6.5,3,6.5,67217.8
123,2019_Jin et al.,No,263,251,95.4,49275,20.17,1882.763,128607,41817,39685.5,28.58,0,0.5,37,6,3,6,24773.7
124,2019_Xiong et al.,No,165,155,94,33000,14.3739,308.8099,32204.1503,10407.1394,10171.7499,2.71,0,3.5,22,6,9.6963,6,24300
125,2019_Xiong et al.,No,165,155,94,33000,17.6757,349.3542,33279.7736,11676.8838,10590.4821,2.71,0,3.5,22,7,9.834,7,28600
126,2019_Xiong et al.,No,165,155,94,35000,16.0116,391.4286,32580.1869,11572.9606,10139.321,2.71,0,3.5,22,8,9.4559,8,27200
132,2020_Lukitawesa et al.,No,178,170.5,95.8,95000,15.6,5670,5012.48,1516.56,234.96,50,0,1.5,37,4,14,4,3480
133,2020_Lukitawesa et al.,No,178,170.5,95.8,95000,15.6,5670,5012.48,1516.56,234.96,50,0,1.5,37,5,14,5,3960
134,2020_Lukitawesa et al.,No,178,170.5,95.8,95000,15.6,5670,5012.48,1516.56,234.96,50,0,1.5,37,6,14,6,3890
135,2020_Lukitawesa et al.,No,178,170.5,95.8,95000,15.6,5670,5012.48,1516.56,234.96,20,0,1.5,37,4,14,4,1500
136,2020_Lukitawesa et al.,No,178,170.5,95.8,95000,15.6,5670,5012.48,1516.56,234.96,20,0,1.5,37,5,14,5,3960
137,2020_Lukitawesa et al.,No,178,170.5,95.8,95000,15.6,5670,5012.48,1516.56,234.96,20,0,1.5,37,6,14,6,5520
138,2020_Micolucci et al.,No,48.8,43.2,89,8040,20,395.0011,2848.5694,2162.8938,73.4961,0,0,200,55,5.2,3.3,5.2,14720
139,2020_Micolucci et al.,No,42.6,39.8,93,4680,20,410.5296,2722.9377,1466.3414,49.9781,0,0,200,55,5.2,3.3,5.2,13500
140,2020_Micolucci et al.,No,42.6,39.8,93,4836.8147,20,405.2962,2671.0488,1474.1147,46.6345,0,0,200,55,5,3.3,5,13080
141,2020_Shewa et al.,No,28.5,19,67,2100,4.6818,684.1307,7171.9599,8258.9267,3074.6133,4,0,8,22,7,6,7,17000
142,2020_Shewa et al.,No,21,17.8,85,2200,14.8106,672.7958,7959.8748,4217.1226,3048.4909,4,0,8,22,7,6,7,20080
143,2020_Shewa et al.,No,15.2,13.6,89,1900,15.1758,610.9987,4901.2679,3938.6588,2331.5627,4,0,8,22,7,6,7,14190
144,2020_Shewa et al.,No,14.15,12.33,87,3150,14.9312,595.9434,4934.297,4092.7331,2450.2425,4,0,8,22,7,6,7,19240
160,2020_Zhang et al.,No,157,142,90,8828,25,755.8179,69080,3140,11268.6773,10,0,4.5,37,5.6,6.25,5.6,10894.91
161,2020_Zhang et al.,No,117.8,110.1,93,9577,20,775.4849,41230,1178,7432.5721,10,0,4.5,37,5.8,6.25,5.8,10894.91
162,2020_Zhang et al.,No,65.1,51.8,79,8886,12,689.611,11718,976.5,4692.2337,10,0,4.5,37,5.6,6.25,5.6,12208.24
163,2020_Zhang et al.,No,41.4,33.6,81,12794,14,785.858,3312,496.8,1070.1526,10,0,4.5,37,4.8,6.25,4.8,6400
173,2021_Luo et al.,No,102.6,93.8,91.32,35175,29,851.0737,66500,12200,1200,12.2,0,0.6,35,3.1,8,3.1,1925
175,2021_Pau et al.,No,34.86,33.48,96.08,5330,18.7804,7900,2270,400,398.957,25,0,0.2,37,6.1,15.9947,6.1,3648.5
176,2021_Pau et al.,No,34.86,33.48,96.08,5330,18.9076,7900,2270,400,370.8418,25,0,0.2,37,5.9,16.0154,5.9,4133.6
177,2021_Pau et al.,No,34.86,33.48,96.08,5330,18.5747,7900,2270,400,398.957,25,0,0.2,37,6.1,16.0406,6.1,3333.5
178,2021_Pau et al.,No,34.86,33.48,96.08,5330,18.0669,7900,2270,400,373.7135,25.6853,0,0.2,37,6.2,16.3896,6.2,2065.4
179,2021_Pau et al.,No,34.86,33.48,96.08,5330,19.5551,7900,2270,400,300.9306,25,0,0.2,37,4.2,17.7085,4.2,3403.1
180,2021_Pau et al.,No,34.86,33.48,96.08,5330,18.6098,7900,2270,400,301.6812,25,0,0.2,37,4.8,16.8684,4.8,3148.8
181,2021_Pau et al.,No,34.86,33.48,96.08,5330,19.6678,7900,2270,400,300.9306,25,0,0.2,37,4.5,17.669,4.5,3024.8
182,2021_Pau et al.,No,34.86,33.48,96.08,5330,19.671,7900,2270,400,295.299,25,0,0.2,37,4.1,17.8046,4.1,3899.7
183,2021_Pau et al.,No,34.86,33.48,96.08,5330,19.521,7900,2270,400,300.9306,25,0,0.2,37,4.4,17.7553,4.4,3208.5
184,2021_Pau et al.,No,34.86,33.48,96.08,5330,19.1306,7900,2270,400,300.9306,25,0,0.2,37,3.8,17.7579,3.8,1352.4
191,2021_Strazzera et al.,No,417.86,348.35,83.37,18200,29,800,21100,23900,15600,12.5,0,0.5,37,7,8.3369,7,13770
192,2021_Strazzera et al.,No,417.86,348.35,83.37,16000,29,800,21100,23900,15600,12.5,0,0.5,37,5.5,8.0054,5.5,12000
193,2021_Strazzera et al.,No,417.86,348.35,83.37,12400,29,800,21100,23900,15600,12.5,0,0.5,37,5.5,7.9399,5.5,10000
194,2021_Strazzera et al.,No,634.93,555.62,87.51,13840,29,1000,23634.3434,22265.232,15135.5959,12.5,0,0.5,37,7,8.4052,7,12770
195,2021_Strazzera et al.,No,634.93,555.62,87.51,11010,29,1000,23759.2065,22009.6045,14755.5633,12.5,0,0.5,37,5.5,8.0972,5.5,10380
196,2021_Strazzera et al.,No,134.03,123.1,91.85,2310,29,1200,31974.1079,15503.0152,6919.9711,12.5,0,0.5,37,7,9.0257,7,900
197,2021_Strazzera et al.,No,134.03,123.1,91.85,8240,29,1200,36660.88,16271.6396,9963.8652,12.5,0,0.5,37,5.5,9.4739,5.5,6510
198,2021_Strazzera et al.,No,134.03,123.1,91.85,2310,29,1200,20598.6281,11783.7838,4628.7208,12.5,0,0.5,37,3.5,10.5944,3.5,1740
199,2021_Strazzera et al.,No,290.51,253.78,87.36,10570,29,5000,5355,6065,3959,12.5,0,0.5,37,7,8.0516,7,8020
200,2021_Strazzera et al.,No,290.51,253.78,87.36,7310,29,5000,5355,6065,3959,12.5,0,0.5,37,5.5,8.7312,5.5,4500
201,2021_Strazzera et al.,No,290.51,253.78,87.36,3900,29,5000,5355,6065,3959,12.5,0,0.5,37,4.4,8.7491,4.4,2640
202,2021_Yu et al.,No,41.25,33.9,82.16,22466,26.2423,326.7,3749.8,972.1,21.5,4.1613,0,100,50,3.4,7,3.4,8419
203,2021_Yu et al.,No,41.25,33.9,82.16,22466,25.9872,326.7,3844.1,972.1,21.5,4.585,0,100,50,4.5,7,4.5,7625
204,2021_Yu et al.,No,41.25,33.9,82.16,22466,25.3313,326.7,4719.8,972.1,21.5,4.0514,0,100,50,5.5,7,5.5,12034
205,2021_Yu et al.,No,41.25,33.9,82.16,22466,27.5577,819.7,6275.1,972.1,21.5,5.3562,0,100,50,6.5,7,6.5,15048
206,2021_Yu et al.,No,41.25,33.9,82.16,22466,25.6635,91.2,3600,972.1,21.5,4.3642,0,100,50,4.5,7,4.5,7625
207,2021_Yu et al.,No,41.25,33.9,82.16,22466,25.0614,91.2,3600,972.1,21.5,3.58,0,100,50,5.5,7,5.5,12034
208,2021_Yu et al.,No,41.25,33.9,82.16,22466,24.7761,91.2,3600,972.1,21.5,3.3294,0,100,50,6.5,7,6.5,15048
209,2021_Zhu et al.,No,50,40,80,25280,5,973.903,9291.3019,12227.4801,7681.762,14.2058,0,5,30,8.5,9,8.5,5954.71
210,2021_Zhu et al.,No,50,40,80,25280,5,1027.8,8845.4418,13277.5189,7566.1346,15.6598,0,5,30,8.5,15,8.5,5240.66
211,2021_Zhu et al.,No,100,80,80,25280,7,1027.8,15557.0059,11153.8736,8772.5625,16.1235,0,5,30,8.5,15,8.5,6242.05
,2021_Zhu et al.,No,150,120,80,25280,9,1027.8,16392.8792,12396.9121,9158.5071,16.0208,0,5,30,8.5,15,8.5,7571.42
212,2021_Zhu et al.,No,200,160,80,25280,11,1027.8,17459.2486,11473.3245,9268.6802,13.7195,0,5,30,8.5,15,8.5,15484.88
213,2022_Rizzioli et al.,No,56.3,35.3,62.62,55200,4.7704,673.4191,6283.7106,15334.1308,7751.3209,10,0,0.5,37,13.65,6.3654,13.65,4860
214,2022_Rizzioli et al.,No,56.1,55.5,98.99,23460,24.2479,409.2034,20964.6627,16564.3307,8793.5109,10,0,0.5,37,4.39,10.3017,4.39,27210
215,2022_Rizzioli et al.,No,185.6,160,86.03,94810,21.4087,1032.6376,46341.6958,18129.6757,18789.4343,10,0,0.5,37,5.85,5.8216,5.85,36720
216,2022_Wang et al.,No,152.15,150.02,98.6,17401.291,28.6,1046.6657,33883,42120,18350.7585,50,0,0.2,35,3.84,14,3.84,28180
217,2022_Wang et al.,No,152.15,150.02,98.6,17723.6949,28.6,1004.6225,33883,42120,18350.7585,50,0,0.2,35,3.84,14,3.84,29900
218,2022_Wang et al.,No,152.15,150.02,98.6,15362.619,28.6,1115.4119,33883,42120,17912.2316,33.33,0,0.2,35,3.84,14,3.84,32355
219,2022_Wang et al.,No,152.15,150.02,98.6,15867.9644,28.6,1129.3709,33883,42120,17842.1531,33.33,0,0.2,35,3.84,14,3.84,34075
220,2022_Wang et al.,No,152.15,150.02,98.6,14118.9015,28.6,1212.893,33883,42120,16208.9636,25,0,0.2,35,3.84,14,3.84,40415
221,2022_Wang et al.,No,152.15,150.02,98.6,13957.9573,28.6,1104.6849,33883,42120,16153.9028,25,0,0.2,35,3.84,14,3.84,31565
222,2022_Zhang M. et al.,No,160.7,155.2,96.6,19100,11.2,1350.4393,89800,24200,22699.7763,19.29,0,0.25,35,3.5,5,3.5,2800
223,2022_Zhang M. et al.,No,160.7,155.2,96.6,3600,11.2,1459.3292,89800,24200,20440.1371,19.29,0,0.25,35,3.5,5,3.5,4000
224,2022_Zhang M. et al.,No,160.7,155.2,96.6,24500,11.2,1668.6762,89800,24200,27456.605,19.29,0,0.25,35,8,5,8,21100
225,2022_Zhang M. et al.,No,160.7,155.2,96.6,34700,11.2,1707.9286,89800,24200,31915.1989,19.29,0,0.25,35,8,5,8,32000
226,2023_ Wu et al.,No,102.6,79.8,78,65770,15.6694,507,48800,20600,17400,3.75,0,0.4,35,6,6,6,9961
227,2023_ Wu et al.,No,102.6,79.8,78,84240,16.1053,563,32801,11983,17400,3.75,0,0.4,35,6,6,6,12596
228,2023_ Wu et al.,No,102.6,79.8,78,78510,16.2223,644,18013,12571,17400,3.75,0,0.4,35,6,6,6,11188
229,2023_ Wu et al.,No,102.6,79.8,78,91820,16.0465,817,41352,14874,17400,3.75,0,0.4,35,6,6,6,14955
230,2023_Bian et al.,No,72.9,51.06,70,52153.3333,7.2,403.97,7220,20690,10180.9856,13.8041,0,1,37,3.84,6,3.84,9000
231,2023_Bian et al.,No,68.62,46.85,68,50626.6667,5.3,369.9524,6150,17690,7875.0937,13.9875,0,1,37,3.71,6,3.71,9160
232,2023_Bian et al.,No,165.55,121.65,73,65273.3333,11,1432.5345,3510,15970,7125.4986,23.3313,0,1,37,4.2,6,4.2,2400
233,2023_Bian et al.,No,41.67,27.35,66,44840,2,355.7642,2450,14010,4090.9479,13.516,0,1,37,5.19,10,5.19,19390
234,2023_Bian et al.,No,50.47,34.33,68,45066.6667,1.3,377.5376,7220,20690,9385.4437,13.984,0,1,37,5.03,10,5.03,19910
235,2023_Bian et al.,No,167.49,122.73,73,98460,9.6157,1595.0462,6150,17690,8831.6802,21.5913,0,1,37,4.53,10,4.53,1890
236,2023_Farouk et al.,No,260.8,248.99,95.47,51810,20.16,2094.6997,9930,980,2962.9631,60,0,0.4,37,7,2,7,40190
237,2023_Farouk et al.,No,260.8,248.99,95.47,51810,20.16,2094.6997,9930,980,2962.9631,60,0,0.4,37,7,3,7,40190
238,2023_Farouk et al.,No,260.8,248.99,95.47,51810,20.16,2147.5827,9930,980,2970.0431,60,0,0.4,37,7,4,7,40190
239,2023_Farouk et al.,No,260.8,248.99,95.47,51810,20.16,1822.3896,9930,980,2788.4102,60,0,0.4,37,6,2,6,24820
240,2023_Farouk et al.,No,260.8,248.99,95.47,51810,20.16,1822.3896,9930,980,2788.4102,60,0,0.4,37,6,3,6,24820
241,2023_Farouk et al.,No,260.8,248.99,95.47,51810,20.16,1855.7557,9930,980,2790.1748,60,0,0.4,37,6,4,6,24820
242,2023_Law et al.,No,42,38,90.48,8200,22.9508,997.7269,19031.2551,5849.6097,13016.1833,18.4733,0,5.5,35,6,4,6,4949
243,2023_Law et al.,No,54,52,96.3,10200,22.681,672.1071,24149.0494,9937.8386,11653.6158,18.7756,0,5.5,35,6,1.5,6,9698
244,2023_Law et al.,No,85,83,97.65,8800,23.8198,855.7297,36706.2351,10649.4908,9295.2593,15.55,0,5.5,35,6,7,6,7976
245,2023_Law et al.,No,84,82,97.62,9300,22.3464,841.495,39079.5168,10847.0511,9555.666,16.7641,0,5.5,35,6,1.5,6,7888
246,2023_Law et al.,No,43,41,95.35,8600,21.7149,1279.9059,21302.9607,2193.33,33076.9,19.5315,0,5.5,35,6,4,6,3061
265,2023_Quan et al.,No,156.92,148.26,94.48,85400,28.6,486.0187,58530,24040,28320,1.2,0,0.3,37,7,6.8058,7,14530
266,2023_Quan et al.,No,156.92,148.26,94.48,85400,28.6,479.1668,58530,24040,28320,1.2,0,0.3,37,7,6.8424,7,11950
267,2023_Quan et al.,No,156.92,148.26,94.48,85400,28.6,478.3603,58530,24040,28320,1.2,0,0.3,37,7,6.842,7,10800
268,2023_Quan et al.,No,156.92,148.26,94.48,85400,28.6,467.3096,58530,24040,28320,1.2,0,0.3,37,7,6.9008,7,9500
269,2023_Quan et al.,No,156.92,148.26,94.48,85400,28.6,476.0731,58530,24040,28320,1.2,0,0.3,37,7,6.8293,7,11550
270,2023_Quan et al.,No,156.92,148.26,94.48,85400,28.6,478.3603,58530,24040,28320,1.2,0,0.3,37,7,6.842,7,10800
271,2023_Wang et al.,No,200,191.44,95.72,8050,18.28,1087.2217,41841,1898,6726.3871,9.09,0,0.2,35,4.5,11,4.5,2205.3
272,2023_Wang et al.,No,200,191.44,95.72,10060,18.28,1029.6344,41841,1898,7492.6178,9.09,0,0.2,35,5.8,11,5.8,2808.7
273,2023_Wang et al.,No,200,191.44,95.72,9500,18.28,1026.934,41841,1898,6799.8778,9.09,0,0.2,35,4.5,11,4.5,2501.2
274,2023_Wang et al.,No,200,191.44,95.72,9000,18.28,1058.6387,41841,1898,6805.8886,9.09,0,0.2,35,4.5,11,4.5,2304.5
275,2023_Wu et al.,No,212,201,94.8,19815.4247,21.6204,563,48372.238,11983,12046.7887,12.6706,0,0.4,35,6,9.6218,6,12250
276,2023_Wu et al.,No,197,180,91.4,18735.0903,23.8039,644,46795.7887,12571,11384.7222,12.6992,0,0.4,35,6,11,6,11800
277,2023_Wu et al.,No,148,144,97.2,18139.6916,22.1843,817,53670.5055,14874,12134.4075,12.4431,0,0.4,35,6,9.3137,6,15555
278,2024_Amin et al.,No,32.2,29.3,91,2927.4637,15.9,1576.3993,13236.9489,3974.673,4412.6183,50,0,0.8,37,6.6,9,6.6,5190
279,2024_Amin et al.,No,32.2,29.3,91,2114.889,15.9,1304.4712,6588.3696,2173.3013,1833.1438,50,0,0.8,37,5.8,31,5.8,7100
280,2024_Amin et al.,No,32.2,29.3,91,2089.3654,15.9,1300.4386,6722.5385,2438.1095,1927.1214,50,0,0.8,37,5.7,72,5.7,7700
281,2024_Amin et al.,No,32.2,29.3,91,2128.1513,15.9,1188.0134,6374.731,2215.5697,1778.8251,50,0,0.8,37,5.4,72,5.4,7800
282,2024_Amin et al.,No,32.2,29.3,91,3000.9539,15.9,1712.276,13160.055,3819.4169,4489.333,50,0,0.8,37,6.5,9,6.5,4800
283,2024_Amin et al.,No,32.2,29.3,91,2198.9305,15.9,1283.3474,6536.6084,2217.4661,1784.6937,50,0,0.8,37,5.4,31,5.4,7100
284,2024_Amin et al.,No,32.2,29.3,91,2035.2737,15.9,1657.9791,6406.9833,2446.7109,1746.1014,50,0,0.8,37,5,72,5,5000
285,2024_Amin et al.,No,32.2,29.3,91,2132.0058,15.9,1315.1007,6791.953,2552.9647,1864.3101,50,0,0.8,37,4.4,72,4.4,7400
286,2024_Amin et al.,No,21.8,19.8,91,594,15.9,1524.1362,12168.663,3447.2462,3512.2762,50,0,0.8,37,6.6,9,6.6,5190
287,2024_Amin et al.,No,21.8,19.8,91,594,15.9,1405.0537,12811.6831,3622.538,3553.5376,50,0,0.8,37,5.8,12,5.8,7100
288,2024_Amin et al.,No,21.8,19.8,91,594,15.9,996.958,4138.7935,1726.4789,1136.4754,50,0,0.8,37,5.7,33,5.7,7700
289,2024_Amin et al.,No,21.8,19.8,91,594,15.9,1035.9312,4090.7157,1735.1986,1126.3258,50,0,0.8,37,5.4,92,5.4,7800
290,2024_Amin et al.,No,21.8,19.8,91,594,15.9,1599.509,12275.1013,3366.5656,3541.1723,50,0,0.8,37,6.5,8,6.5,4800
291,2024_Amin et al.,No,21.8,19.8,91,594,15.9,1337.3957,12520.0194,3817.4612,3475.044,50,0,0.8,37,5.4,13,5.4,7100
292,2024_Amin et al.,No,21.8,19.8,91,594,15.9,1356.5969,4077.2602,2036.0385,1122.629,50,0,0.8,37,5,31,5,5000
293,2024_Amin et al.,No,21.8,19.8,91,594,15.9,1069.7412,4151.0726,1918.1474,1164.2493,50,0,0.8,37,4.4,96,4.4,7400
294,2024_Castro-Fernandez et al.,No,48.1,48.3,99.58,7580,17.0987,610,16215.6873,11547.1802,8009.7712,16.2069,0,1,25,6.5,20,6.5,24000
295,2024_Castro-Fernandez et al.,No,27.2,25.3,93.01,19010,21.2036,420,7688.9388,5396.83,3534.8393,18.81,0,5,35,5.5,10,5.5,9600
296,2024_Castro-Fernandez et al.,No,47.3,44.8,94.71,35820,18.412,420,17731.2904,9384.92,8543.066,18.81,0,5,35,5.5,10,5.5,15000
297,2024_Castro-Fernandez et al.,No,40.9,36.9,90.22,19540,22.6256,420,13892.29,8115.08,8203.4495,18.81,0,5,35,6,10,6,18500
298,2024_Castro-Fernandez et al.,No,49.2,47.6,96.75,38580,17.9224,420,18900.1505,9761.9,8584.3226,18.81,0,5,35,6,10,6,28600
299,2024_Castro-Fernandez et al.,No,39.2,35.1,89.54,19220,22.8482,420,12803.1769,7777.78,7042.3062,18.81,0,5,35,7,10,7,22000
300,2024_Castro-Fernandez et al.,No,61.1,57.2,93.62,38090,18.9065,420,21316.2667,12123.02,7811.6003,18.81,0,5,35,7,10,7,39000
309,2024_Gon?lves et al.,No,48.1,46.37,96.4,10632.8631,16.4189,610,14590.7794,12978.5407,8605.2767,16.1787,0,1,25,6.5,20,6.5,24000
310,2024_Gon?lves et al.,No,48.3,46.56,96.4,10253.7836,16.3897,650,16409.7656,11531.2353,7535.7816,16.4115,0,1,25,6.5,20,6.5,24400
311,2024_Gon?lves et al.,No,50.2,48.39,96.4,12899.0216,16.5495,450,17034.7424,12356.4935,7606.7988,16.7157,0,1,25,6.5,20,6.5,23700
312,2024_Gon?lves et al.,No,49.3,47.53,96.4,18066.1366,18.0067,150,14565.8501,14742.6419,9098.4104,19.8362,0,1,25,4.5,20,4.5,10700
313,2024_Gon?lves et al.,No,52.4,50.51,96.4,18333.1345,16.2421,200,15855.0038,11820.035,7336.6511,16.531,0,1,25,6.5,20,6.5,23900
320,2024_Miao et al.,No,100,75,75,50000,7.0206,300,20000,1200,8300,10,0,1.5,25,6,5,6,15267
321,2024_Miao et al.,No,100,75,75,60000,10.5979,100,20000,1200,8300,10,0,1.5,60,6,5,6,50774
322,2024_Miao et al.,No,100,75,75,98000,14.0255,1500,20000,1200,8300,10,0,1.5,60,6,5,6,7477
323,2024_Qin et al.,No,80.9,75.9,93.83,66230,35.92,819.61,4101.63,1794.36,1025,4.76,0,0.5,35,6.5,7.5042,6.5,28970
324,2024_Qin et al.,No,72.2,68.3,94.65,66790,25.82,978.04,3430.22,1217.29,1551.58,4.76,0,0.5,35,6.5,7.0259,6.5,31240
325,2024_Qin et al.,No,58.2,53.8,92.4,64490,28.7,266.16,3510.04,921.89,733.32,4.76,0,0.5,35,6.5,9.4725,6.5,26590
326,2024_Qin et al.,No,58,52.7,90.86,59590,44.74,230.25,3801.9,968.02,276.66,4.76,0,0.5,35,6.5,9.9672,6.5,30120
327,2024_Qin et al.,No,74.4,69,92.76,68780,22.73,878.76,4397.78,1105.58,356.38,4.76,0,0.5,35,6.5,9.2374,6.5,29860
328,2024_Quan et al.,No,236.42,222.79,94.24,16290.2574,21.2025,1459.1827,75950,23506.3811,19746.6797,16.67,0,0.3,37,7,12,7,4031
331,2024_Xiao et al.,No,126.6,100.04,79.02,11639,13.4684,676.3433,9318.0581,5381.0104,938.9182,7,0,50,38,9,7.6735,9,60300
338,2024_Zhao et al.,No,100,95,95,8382.1833,25.6,1260.3234,40891.2908,13000,5758.2776,14.0839,0,0.35,37,4,13,4,3000
339,2024_Zhao et al.,No,100,95,95,19618.8623,25.6,440.6032,51963.6225,20000,11752.5287,9.596,0,0.35,37,5.6,11,5.6,44600
340,2024_Zhao et al.,No,100,95,95,18812.9947,25.6,544.5328,43114.0799,30000,9139.6406,12.0387,0,0.35,37,5.2,11,5.2,41600
341,2024_Zhao et al.,No,100,95,95,16619.9129,25.6,501.8986,47928.8106,13000,7528.8553,12.6991,0,0.35,37,4.7,11,4.7,32400
342,2024_Zhao et al.,No,50,47.5,95,15724.7297,25.6,705.6109,16710.2757,20000,9663.1206,15.0528,0,0.35,25,3.4,11,3.4,3240
343,2024_Zhao et al.,No,50,47.5,95,17705.7056,25.6,736.6941,10384.0712,30000,8913.1439,16.6989,0,0.35,37,6,11,6,6230
344,2024_Zheng et al.,No,174.1,163.74,94.05,26910.3418,19.28,3100,53373.7841,17132.2158,15927.5561,17.9496,0,0.5,30,7,13.0397,7,19790
345,2024_Zheng et al.,No,174.1,163.74,94.05,24712.9801,19.28,3100,34252.7717,13392.1992,8187,19.2969,0,0.5,30,7,13.5487,7,20710
346,2024_Zheng et al.,No,174.1,163.74,94.05,28417.6446,19.28,3100,75356.6807,21786.2489,24561,17.313,0,0.5,30,7,12.7541,7,24610
347,2024_Zheng et al.,No,174.1,163.74,94.05,30113.3863,19.28,3100,84248.6811,23316.5373,40935,17.9153,0,0.5,30,7,12.8449,7,27100
352,2025_Lee et al.,No,50,35,70,2674.9948,9.08,1024,29000,6400,500,50,0,0.1,35,6.5,24,6.5,3500
353,2025_Lee et al.,No,50,35,70,2674.9948,9.08,1024,29000,6400,500,50,0,0.1,35,6.5,24,6.5,3500
354,2025_Lee et al.,No,50,35,70,3219.8551,9.08,1024,29000,6400,500,50,0,0.1,35,6.5,24,6.5,8720
355,2025_Lee et al.,No,50,35,70,1200,9.08,1800,15571.0452,11250,13100,50,0,0.1,35,6,24,6,5200
356,2025_Lee et al.,No,50,35,70,1200,4.35,1800,13431.1261,11250,13100,50,0,0.1,35,6,24,6,5200
357,2025_Lee et al.,No,50,35,70,1200,4.66,1800,13431.1261,11250,13100,50,0,0.1,35,6,24,6,5200
358,2025_Liu et al.,No,31.58,30,95,6300,21.53,4800,10820,3070,6780,33.33,0,0.3,35,9,4,9,8300
359,2025_Liu et al.,No,31.58,30,95,6300,21.53,4800,10820,3070,6780,33.33,0,0.3,35,9,5,9,13100
360,2025_Liu et al.,No,31.58,30,95,6300,21.53,5600,10820,3070,6780,33.33,0,0.3,35,9,6,9,16700
361,2025_Liu et al.,No,31.58,30,95,6300,21.53,5200,10820,3070,6780,33.33,0,0.3,35,9,7,9,12600
362,2025_Liu et al.,No,31.58,30,95,6300,21.53,4600,10820,3070,6780,33.33,0,0.3,35,9,8,9,10200
363,2025_Qin et al.,No,118.1,111.97,94.81,20464.05,22.73,32.66,76765,23029.5,17715,4.76,0,0.4,35,4.79,9.3186,4.79,29880
364,2025_Qin et al.,No,118.1,111.97,94.81,20779.75,22.73,327.54,76765,23029.5,17715,4.76,0,0.4,35,4.79,9.1213,4.79,33320
365,2025_Qin et al.,No,118.1,111.97,94.81,22516.1,22.73,464.45,76765,23029.5,17715,4.76,0,0.4,35,4.79,8.768,4.79,29990
366,2025_Qin et al.,No,118.1,111.97,94.81,17938.45,22.73,455.49,76765,23029.5,17715,4.76,0,0.4,35,4.79,8.9692,4.79,23140
367,2025_Qin et al.,No,118.1,111.97,94.81,15097.15,22.73,910.98,76765,23029.5,17715,4.76,0,0.4,35,4.79,8.6336,4.79,27670
368,2025_Qin et al.,No,118.1,111.97,94.81,10993.05,22.73,967.28,76765,23029.5,17715,4.76,0,0.4,35,4.79,8.5089,4.79,26030
369,2025_Qin et al.,No,118.1,111.97,94.81,16517.8,22.73,322.43,76765,23029.5,17715,4.76,0,0.4,35,4.79,9.3492,4.79,29460
370,2025_Qin et al.,No,118.1,111.97,94.81,20148.35,22.73,460.61,76765,23029.5,17715,4.76,0,0.4,35,4.79,9.0284,4.79,26930
371,2025_Qin et al.,No,118.1,111.97,94.81,12413.7,22.73,688.36,76765,23029.5,17715,4.76,0,0.4,35,4.79,8.0947,4.79,13520
372,2025_Qin et al.,No,118.1,111.97,94.81,11940.15,22.73,266.13,76765,23029.5,17715,4.76,0,0.4,35,4.79,9.1712,4.79,32600
373,2025_Qin et al.,No,118.1,111.97,94.81,6573.25,22.73,401.75,76765,23029.5,17715,4.76,0,0.4,35,4.79,8.4287,4.79,13100
374,2025_Qin et al.,No,118.1,111.97,94.81,22989.65,22.73,284.04,76765,23029.5,17715,4.76,0,0.4,35,4.79,8.8679,4.79,27010
375,2025_Qin et al.,No,118.1,111.97,94.81,18412,22.73,552.73,76765,23029.5,17715,4.76,0,0.4,35,4.79,8.3393,4.79,11510
376,2025_Qin et al.,No,118.1,111.97,94.81,11940.15,22.73,240.54,76765,23029.5,17715,4.76,0,0.4,35,4.79,9.1712,4.79,31720
377,2025_Qin et al.,No,118.1,111.97,94.81,10361.65,22.73,365.93,76765,23029.5,17715,4.76,0,0.4,35,4.79,9.1088,4.79,24720
378,2025_Qin et al.,No,118.1,111.97,94.81,15458.7155,22.73,127.95,76765,23029.5,17715,4.76,0,0.4,35,7,8.9929,7,2090
379,2025_Zhang et al.,No,124.02,118.63,95.63,10199.7944,24.2296,2007,61820,30580,6470,14.28,0,0.3,37,6.22,10.4169,6.22,3986.4
380,2025_Zhang et al.,No,124.02,118.63,95.63,14498.7227,20.8941,2294.988,61820,30580,6470,14.28,0,0.3,37,8.72,9.5496,8.72,10179.9
381,2025_Zhang et al.,No,124.02,118.63,95.63,14980.6753,21.2612,2746.2,61820,30580,6470,14.28,0,0.3,37,8.95,10.0113,8.95,28317.9
382,2025_Zhang et al.,No,124.02,118.63,95.63,14909.8041,21.3305,2673.1847,61820,30580,6470,14.28,0,0.3,37,9.16,9.7706,9.16,27138.5
383,2016_Zhang,No,243,201,82.7,34598.7267,14.5,2300,137700,29400,64900,52.38,0,0.3,37,4.6,6.9716,4.6,1544.2
384,2016_Zhang,No,243,201,82.7,31449.209,14.5,2300,137700,29400,64900,52.38,0,0.3,37,4.6,6.9578,4.6,4982.7
385,2016_Zhang,No,243,201,82.7,36616.5166,14.5,2300,137700,29400,64900,52.38,0,0.3,37,4.6,5.642,4.6,10923.1
386,2016_Zhang,No,243,201,82.7,38733.9842,14.5,2300,137700,29400,64900,52.38,0,0.3,37,4.6,5.5487,4.6,30000
387,2017_Li,No,21.4,20.5,95.8,2523.8732,22.48,2572.9711,5563.0469,2022.9847,1735.8198,33.33,0,1,40,5.8,16.1486,5.8,3032.1
388,2017_Li,No,21.4,20.5,95.8,2642.5941,22.48,2457.0645,5610.3757,2066.0307,1729.5338,33.33,0,1,40,5.8,16.4659,5.8,3582.6
389,2017_Li,No,21.4,20.5,95.8,2905.2165,22.48,2175.5808,5524.0055,1995.9518,1706.2058,33.33,0,1,40,5.8,16.3738,5.8,4270.9
390,2017_Li,No,21.4,20.5,95.8,3014.5911,22.48,2082.3231,5472.7815,1997.3853,1706.9821,33.33,0,1,40,5.8,16.3906,5.8,4491.6
391,2017_Li,No,17.2,17.1,93.6,2393.2729,26.3,1503.4009,11051.7143,3538.0114,4141.2404,33.33,0,1,35,5.8,8.5573,5.8,13806.4
392,2018_Bian,No,140.54,134.9,95.99,35378.7664,19.28,1331.3846,66995.364,35478,48138.3,33.33,0,1,37,6.61,7.135,6.61,15000
393,2018_Bian,No,140.54,134.9,95.99,33496.4515,19.28,1273.1656,67009.2176,35478,48138.3,33.33,0,1,37,6.61,7.2533,6.61,10844
394,2018_Bian,No,140.54,134.9,95.99,31172.9811,19.28,1367.7331,66881.2818,35478,48138.3,33.33,0,1,37,6.61,7.6454,6.61,8557.6
395,2018_Bian,No,140.54,134.9,95.99,33451.491,19.28,1273.7793,67009.2176,35478,48138.3,33.33,0,1,37,6.61,7.2487,6.61,10894
396,2018_Bian,No,140.54,134.9,95.99,32971.8344,19.28,1312.3482,67009.2176,35478,48138.3,33.33,0,1,37,6.61,7.3634,6.61,10631.6
397,2018_Bian,No,140.54,134.9,95.99,35378.7664,19.28,1331.3846,66995.364,35478,48138.3,33.33,0,1,37,6.61,7.135,6.61,15000
398,2018_Bian,No,140.54,134.9,95.99,33347.3939,19.28,1326.5999,66995.364,35478,48138.3,33.33,0,1,37,6.61,7.3206,6.61,14333
399,2018_Bian,No,140.54,134.9,95.99,33886.6335,19.28,1281.745,66653.1513,35478,48138.3,33.33,0,1,37,6.61,7.1664,6.61,13819.8
400,2018_Bian,No,140.54,134.9,95.99,33581.0892,19.28,1299.0022,67009.2176,35478,48138.3,33.33,0,1,37,6.61,7.342,6.61,11296.4
401,2018_Bian,No,140.54,134.9,95.99,33453.5137,19.28,1306.4417,66667.0049,35478,48138.3,33.33,0,1,37,6.61,7.2973,6.61,12176.8
402,2018_Bian,No,140.54,134.9,95.99,33440.2116,19.28,1297.7227,66667.0049,35478,48138.3,33.33,0,1,37,6.61,7.3278,6.61,11456.5
403,2018_Bian,No,140.54,134.9,95.99,35772.6348,19.28,1330.7495,66451.5009,35478,48138.3,33.33,0,1,37,6.61,7.0262,6.61,14860.3
404,2018_Bian,No,140.54,134.9,95.99,35716.1988,19.28,1343.1182,66995.364,35478,48138.3,33.33,0,1,37,6.61,6.9909,6.61,15500.5
405,2018_Bian,No,140.54,134.9,95.99,34180.0315,19.28,1309.6744,66566.7797,35478,48138.3,33.33,0,1,37,6.61,7.2311,6.61,12772
406,2018_Bian,No,140.54,134.9,95.99,34066.1021,19.28,1281.745,66566.7797,35478,48138.3,33.33,0,1,37,6.61,7.1463,6.61,13582
407,2018_Bian,No,140.54,134.9,95.99,34340.639,19.28,1276.605,66566.7797,35478,48138.3,33.33,0,1,37,6.61,7.1422,6.61,12664
408,2018_Bian,No,140.54,134.9,95.99,38638.5725,19.28,1332.6808,66775.9757,35478,48138.3,33.33,0,1,37,6.61,6.7827,6.61,26868
409,2018_Bian,No,140.54,134.9,95.99,38532.4291,19.28,1358.5408,66864.3398,35478,48138.3,33.33,0,1,37,6.61,6.7555,6.61,28098
421,2019_Li,No,191,185,96.86,27884.7013,17.7,1655.5,24543,10449,11421,66.67,0,0.5,37,7.79,7.5423,7.79,5000
422,2019_Li,No,172,167,97.09,34587.442,13.4,1926,24543,10449,11421,66.67,0,0.5,37,7.79,6.5432,7.79,5000
423,2019_Li,No,205,197,96.1,28465.8278,17.8,1815.1,24543,10449,11421,66.67,0,0.5,37,7.79,7.4479,7.79,5000
424,2019_Li,No,197,190,96.45,30353.1614,16.8,1811.2,24543,10449,11421,66.67,0,0.5,37,7.79,7.2893,7.79,5000
425,2019_Li,No,196,189,96.43,31892.6868,15.4,1794.9,24543,10449,11421,66.67,0,0.5,37,7.79,7.1536,7.79,5000
426,2019_Li,No,200,193,96.5,31691.3409,15.5,1860.4,24543,10449,11421,66.67,0,0.5,37,7.79,7.1146,7.79,5000
427,2019_Li,No,20.8,19.9,95.67,1179.6112,14.7,2040.8,12480,3120,3536,66.67,0,0.5,37,7.79,8.6203,7.79,916.8
428,2019_Li,No,19.2,18.4,95.83,1234.0907,12.7,2212.9,11520,2880,3264,66.67,0,0.5,37,7.79,8.0874,7.79,1009.9
429,2019_Li,No,20.9,20,95.69,1178.7563,14,2139.2,12540,3135,3553,66.67,0,0.5,37,7.79,8.6068,7.79,1345
430,2019_Li,No,24.7,23.5,95.14,2346.7504,18.1,2172,14820,3705,4199,66.67,0,0.5,37,7.79,9.0639,7.79,1335.9
431,2019_Li,No,18.7,17.9,95.72,1300.4545,9.7,2438.6,11220,2805,3179,66.67,0,0.5,37,7.79,8.1556,7.79,1363.6
446,2019_Wang,No,257,230,89.7,38047.7758,20.2412,1217.0381,49412.927,19254.9935,22512.0341,61.54,0,1.8,37,3.97,5.8367,3.97,12140.8
450,2019_Wang,No,257,230,89.7,38005.552,18.6884,2015.3062,124023.2614,32288.8749,39685.5,61.54,0,0.4,37,3.97,5.1679,3.97,16925.2
451,2019_Wang,No,60,54,90.58,32113.6426,10.9563,343.6569,17147.453,14336.6472,8785.4859,23.08,0,0.4,25,5.5,11.6284,5.5,9360
452,2019_Wang,No,60,54,90.58,26871.836,23.0419,616.1754,21932.3971,13997.817,8425.9064,23.08,0,0.4,35,4.5,7.5687,4.5,8320
453,2019_Wang,No,60,54,90.58,27699.2084,20.8142,498.9962,19771.5752,15842.1989,10648.6467,23.08,0,0.4,40,5.5,7.8291,5.5,8890
454,2019_Wang,No,83,80,96.26,31468.0352,14.3303,499.3231,31148.2684,13892.8159,8585.4932,23.08,0,0.4,25,4.5,13.3276,4.5,7870
455,2019_Wang,No,83,80,96.26,28405.8992,20.6153,603.6167,36404.1682,16384.074,11182.3334,23.08,0,0.4,35,5.5,7.1806,5.5,9250
456,2019_Wang,No,83,80,96.26,18527.4286,23.796,510.4186,34947.3687,16170.2986,9005.3311,23.08,0,0.4,40,4.5,10.9385,4.5,12850
460,2020_Ma,No,164.9,160.1,97.1,38200,10.3,1394.0897,55200,18300,21940.4753,66.67,0,0.09,35,5.2,6.4747,5.2,730.6
466,2020_Ma,No,104.5,97.5,93.3,72800,22.9,873.9506,55200,18300,12870.3681,50,0,0.09,35,5.2,4.9801,5.2,995.9
472,2020_Ma,No,164.9,160.1,97.1,38200,10.3,1395.2486,55200,18300,22320.6594,50,0,0.09,35,5.2,6.2875,5.2,2383.4
480,2021_Kong,No,135.4,112,82.7,16250,14.5,130,13313.97,4655.88,6330.15,83.5,0,0.3,37,4.6,7.8042,4.6,12650.8
481,2021_Kong,No,135.4,112,82.7,16250,14.5,130,13752.29,4809.16,6538.55,83.5,0,0.3,37,4.6,7.8178,4.6,13710
482,2021_Li,No,34.91,30,85.94,3030.0261,13.38,1738.7606,14442.267,4129.853,4287.851,54.55,0,0.4,37,5.03,21.1822,5.03,3343.1
483,2021_Li,No,33.89,30,88.52,3970.3605,34.79,1805.4558,14020.293,4009.187,4510.2739,54.55,0,0.4,37,4.51,13.3373,4.51,4528.1
484,2021_Li,No,32.36,30,92.72,3545.5457,17.64,1641.7127,13387.332,3828.188,4258.2124,54.55,0,0.4,37,4.78,15.9691,4.78,6014.1
491,2021_Zeng,No,23.61,21.8,92.32,1714.4828,18.325,1553.3929,16054.8,4485.9,3069.3,83.05,0,0.4,35,5,15.2623,5,3000
492,2021_Zeng,No,23.61,21.8,92.32,1813.6118,19.3688,1464.271,16050,4485,3068,61.54,0,0.4,35,5,15.0549,5,5996
493,2021_Zeng,No,23.61,21.8,92.32,1899.968,19.5462,1246.7299,16050,4485,3068,50,0,0.4,35,5,17.2305,5,7650
494,2021_Zeng,No,23.61,21.8,92.32,2463.8063,20.7865,1249.2863,16050,4485,3068,41.18,0,0.4,35,5,12.5723,5,8900
495,2021_Zeng,No,23.61,21.8,92.32,1815.073,19.3277,1412.496,16050,4485,3068,50,0,0.4,35,5,15.4766,5,5848.5
496,2021_Zeng,No,23.61,21.8,92.32,1824.3368,19.3217,1484.4719,16050,4485,3068,50,0,0.4,35,5,15.552,5,5633.5
497,2021_Zeng,No,23.61,21.8,92.32,1802.6107,19.4163,1568.5912,16050,4485,3068,50,0,0.4,35,5,14.9791,5,5205.6
498,2021_Zeng,No,23.61,21.8,92.32,1820.2133,19.3758,1558.9888,16050,4485,3068,50,0,0.4,35,5,15.3641,5,5469.1
499,2021_Zeng,No,23.61,21.8,92.32,1820.2133,19.3758,1500.7988,16050,4485,3068,50,0,0.4,35,5,15.5448,5,5571.4
500,2021_Zeng,No,23.61,21.8,92.32,1824.8612,19.5162,1382.4546,16050,4485,3068,50,0,0.4,35,5,14.4906,5,6931.5
501,2021_Zeng,No,23.61,21.8,92.32,1825.8519,19.5402,1327.285,16050,4485,3068,50,0,0.4,35,5,15.3387,5,7166.4
502,2021_Zeng,No,23.61,21.8,92.32,1824.8612,19.564,1381.0907,16050,4485,3068,50,0,0.4,35,5,14.409,5,6995
503,2021_Zeng,No,23.61,21.8,92.32,1824.8612,19.564,1381.0907,16050,4485,3068,50,0,0.4,35,5,14.409,5,6995
504,2021_Zeng,No,23.61,21.8,92.32,1818.1171,19.5162,1389.9132,16050,4485,3068,50,0,0.4,35,5,14.4906,5,6845.2
505,2021_Zeng,No,23.61,21.8,92.32,1818.1171,19.5162,1389.0975,16050,4485,3068,50,0,0.4,35,5,14.4906,5,6838.8
506,2021_Zeng,No,23.61,21.8,92.32,1818.1171,19.5162,1389.9132,16050,4485,3068,50,0,0.4,35,5,14.4906,5,6853
507,2021_Zeng,No,23.61,21.8,92.32,1795.6585,19.5054,1409.4518,16050,4485,3068,50,0,0.4,35,5,14.734,5,6451.2
508,2021_Zeng,No,23.61,21.8,92.32,1808.3288,19.3277,1462.4719,16050,4485,3068,50,0,0.4,35,5,15.4357,5,5938.7
509,2021_Zeng,No,23.61,21.8,92.32,1808.3288,19.3277,1462.4719,16050,4485,3068,50,0,0.4,35,5,15.4357,5,5959.3
510,2021_Zeng,No,23.61,21.8,92.32,1808.3288,19.3277,1462.4719,16050,4485,3068,50,0,0.4,35,5,15.4357,5,6005.8
511,2021_Zeng,No,23.61,21.8,92.32,1808.3288,19.3277,1462.4719,16050,4485,3068,50,0,0.4,35,5,15.4357,5,5966
512,2018_Zhang et al,No,70.36,60.51,86,16398,19.142,995.08,4339,4423,3777,20,0,5,37,10,7.6706,10,8248.68
513,2018_Zhang et al,No,70.36,60.51,86,16398,19.199,995.08,4339,4423,3777,20,0,5,37,10,7.7497,10,7653.04
514,2018_Zhang et al,No,70.36,60.51,86,16398,19.4462,995.08,4339,4423,3777,20,0,5,37,9.8,7.7859,9.8,7555.2
515,2018_Zhang et al,No,70.36,60.51,86,16398,19.2444,995.08,4339,4423,3777,20,0,5,37,9.8,7.8412,9.8,6826.24
516,2018_Zhang et al,No,70.36,60.51,86,16398,19.0842,995.08,4339,4423,3777,20,0,5,37,9.8,7.8842,9.8,5108.56
517,2018_Zhang et al,No,16.18,13.9,86,5466,16.8541,501.71,1446.3,1474.3,1259,20,0,5,37,9.86,9.2187,9.86,5420
518,2018_Zhang et al,No,16.18,13.9,86,5466,16.6907,501.71,1446.3,1474.3,1259,20,0,5,37,8.79,10.4626,8.79,5450
519,2018_Zhang et al,No,16.18,13.9,86,5466,16.5574,501.71,1446.3,1474.3,1259,20,0,5,37,8.31,10.5036,8.31,6540
523,2018_Li et al.,No,200.15,195.75,98,3146.0108,38.04,1377.2406,31434.793,14812.6772,8921.4177,18.1756,0,1,50,7.5,8,7.5,26630
524,2018_Li et al.,No,200.15,195.75,98,2970,39.42,1357.0478,30626.3492,14325.2771,9369.538,18.0897,0,1,50,7.5,8,7.5,27030
525,2018_Li et al.,No,200.15,195.75,98,1490,39.13,1402.258,29126.7211,14293.8738,9201.4222,19.2253,0,1,50,7.5,8,7.5,25490
526,2018_Li et al.,No,200.15,195.75,98,2480,39.13,1392.026,30341.893,14158.8075,9047.6865,18.0136,0,1,50,7.5,8,7.5,29550
527,2018_Li et al.,No,200.15,195.75,98,6230,39.13,1324.7021,32377.8368,16301.0592,12464.519,17.8601,0,1,50,7.5,8,7.5,28900
528,2018_Li et al.,No,200.15,195.75,98,2110,26.12,1306.2946,33284.9199,14205.0796,9519.7152,17.3215,0,1,50,7.5,8,7.5,20590
536,2025_Zheng et al.,No,75.4,65.4,87,60200,13.6,459.1131,42120,13720,7260,24.81,0,10,37,3.8,5,3.8,35320
537,2025_Zheng et al.,No,75.4,65.4,87,60200,13.6,416.2896,42120,13720,7260,24.81,0,10,37,5,4,5,50050
538,2025_Zheng et al.,No,75.4,65.4,87,60200,13.6,376.8277,42120,13720,7260,24.81,0,10,37,6,3.3,6,50050
539,2025_Zheng et al.,No,75.4,65.4,87,60200,13.6,414.9593,42120,13720,7260,24.81,0,10,37,7,3.3,7,50050
550,2024_Xue et al.,No,21.44,20.48,95.51,20960,19,51.58,1630.813,3266.952,444.368,35.48,0,0.4,38,7,30,7,5900
558,2024_Xue et al.,No,22,21.5,97.5,21000,19,53,4500,1900,1000,35.48,0,0.4,38,5.2,30,5.2,8000
601,2019_Chen et al.,No,131,125,95.3,28358.4447,26.9,233.19,68513,19519,3681.1,0,0,0.4,35,5.8,39,5.8,16197
43,2014_Yin et al.,No,237,221,93.3,73320,5,1875.5627,66820,1330,26080,20,0,0.5,30,6,13,6,23100
44,2014_Yin et al.,No,232,216,93.1,84050,5,1915.6782,72100,1930,41430,20,0,0.5,30,6,15,6,30800
45,2014_Yin et al.,No,225,209,92.9,73888.6535,5,1893.3647,79600,4540,43280,20,0,0.5,30,6,15,6,34100
46,2014_Yin et al.,No,221,206,93.2,61113.3037,5,1959.765,107680,17890,39450,20,0,0.5,30,6,15,6,25400
47,2014_Yin et al.,No,211,195,92.5,57782.4169,5,1848.0005,83980,21380,37010,20,0,0.5,30,6,15,6,18140
332,2024_Zhang et al.,Yes,60,55.5,92.5,640.2,17.6952,479.3,20090,1600,2558.373,0,31.3218,0.5,35,9,9.6935,9,24080
333,2024_Zhang et al.,Yes,60,55.5,92.5,640.2,17.2445,479.3,15490,1600,2597.1902,0,32.2121,0.5,35,9,9.6547,9,31300
334,2024_Zhang et al.,Yes,60,55.5,92.5,640.2,17.4335,479.3,13330,1600,2621.2745,0,32.5907,0.5,35,9,9.4612,9,43650
335,2024_Zhang et al.,Yes,60,55.5,92.5,640.2,17.5192,479.3,9850,1600,2630.1953,0,32.661,0.5,35,9,9.3936,9,44600
336,2024_Zhang et al.,Yes,60,55.5,92.5,640.2,17.49,479.3,9450,1600,2630.1953,0,32.5922,0.5,35,9,9.3715,9,37200
337,2024_Zhang et al.,Yes,60,55.5,92.5,640.2,17.5421,479.3,8420,1600,2640.4047,0,32.7093,0.5,35,9,9.3295,9,28030
303,2024_Chen et al.,Yes,52,41,78.85,6674,20,266.5159,3263.9664,3016.8771,1352.4371,0,46.8627,2.4,53,5.85,100,5.85,12100
304,2024_Chen et al.,Yes,103,82,79.61,13220,20,311.335,6166.7838,5235.3861,1619.2823,0,39.4936,2.4,53,5.85,100,5.85,10100
305,2024_Chen et al.,Yes,97,83,85.57,12450,40,345.4879,6654.034,5057.9361,1582.7068,0,39.1542,2.4,53,5.85,50,5.85,22300
306,2024_Chen et al.,Yes,52,41,78.85,6674,20,328.0436,3802.7384,3646.4108,1995.6587,0,50.2774,2.4,35,5.85,100,5.85,11700
307,2024_Chen et al.,Yes,103,82,79.61,13220,20,436.2227,10550.6438,6644.2722,2187.9753,0,41.4335,2.4,35,5.85,100,5.85,13300
308,2024_Chen et al.,Yes,97,83,85.57,12450,40,1872.4816,15619.7275,9052.6406,1979.375,0,38.6362,2.4,35,5.85,50,5.85,22700
249,2023_Li et al.,Yes,350,280,80,11871.0835,24.5966,6100,28000,18700,1532.4134,0,45.2362,0.5,25,4.03,30,4.03,28430
250,2023_Li et al.,Yes,350,280,80,10833.8848,24.5445,7100,25000,19300,1522.4265,0,44.9035,0.5,25,3.99,30,3.99,39000
251,2023_Li et al.,Yes,350,280,80,10388.2736,24.3,6800,22000,19200,1513.5896,0,45.0377,0.5,25,4.14,30,4.14,40000
252,2023_Li et al.,Yes,350,280,80,12137.0919,24.5493,7400,31000,19600,1552.0697,0,45.2419,0.5,25,4.04,30,4.04,35000
253,2023_Li et al.,Yes,350,280,80,13136.2654,24.0753,5500,30000,19800,1566.0893,0,46.8666,0.5,25,3.98,30,3.98,21420
254,2023_Li et al.,Yes,350,280,80,11495.3143,24.4875,6100,23000,19700,1531.601,0,45.1325,0.5,25,3.97,30,3.97,29000
255,2023_Li et al.,Yes,350,280,80,9848.8095,24.2185,7000,19000,19000,1504.3697,0,45.3477,0.5,25,4.16,30,4.16,42620
256,2023_Li et al.,Yes,350,280,80,9788.1168,24.1476,7100,20000,19100,1504.3697,0,45.2449,0.5,25,4.09,30,4.09,48320
257,2023_Li et al.,Yes,350,280,80,13009.2113,23.8034,6800,27000,18400,1541.4496,0,46.6026,0.5,25,3.98,30,3.98,21000
258,2023_Li et al.,Yes,350,280,80,11697.5147,24.6536,7700,25000,17800,1511.3855,0,45.2842,0.5,25,3.94,30,3.94,33000
259,2023_Li et al.,Yes,350,280,80,10792.8949,24.5255,7000,32000,18000,1534.9198,0,45.5823,0.5,25,4.06,30,4.06,59000
260,2023_Li et al.,Yes,350,280,80,10105.8201,24.3483,8700,19000,18300,1501.6326,0,45.4455,0.5,25,4.01,30,4.01,38000
261,2023_Li et al.,Yes,350,280,80,13255.1401,24.2559,5800,33000,17600,1533.5051,0,44.1918,0.5,25,3.89,30,3.89,17350
262,2023_Li et al.,Yes,350,280,80,10754.7367,24.3374,8900,25000,18100,1517.1927,0,44.8593,0.5,25,3.99,30,3.99,38000
263,2023_Li et al.,Yes,350,280,80,10771.7605,24.2825,8800,24000,18100,1516.5998,0,45.0897,0.5,25,4.18,30,4.18,37110
264,2023_Li et al.,Yes,350,280,80,11079.8422,24.6144,6600,31000,18000,1533.0796,0,45.4041,0.5,25,4.06,30,4.06,39620
185,2021_Pham et al.,Yes,102.6,93.8,91.42,35175,19.7861,547.217,4457.97,2017.818,1501.632,0,34.2062,0.1,55,5,7.9359,5,30380
186,2021_Pham et al.,Yes,46.926,35.951,76.61,35175,14.961,308.0093,4457.97,2017.818,1501.632,0,43.3802,0.1,55,9,16.372,9,1716
187,2021_Pham et al.,Yes,46.926,35.951,76.61,35175,15.5381,306.3604,4457.97,2017.818,1501.632,0,43.8704,0.1,55,9.5,16.7923,9.5,3554
188,2021_Pham et al.,Yes,46.926,35.951,76.61,35175,17.0138,327.7685,4457.97,2017.818,1501.632,0,35.6688,0.1,55,10,15.1078,10,30535
189,2021_Pham et al.,Yes,46.926,35.951,76.61,35175,17.0138,327.7685,4457.97,2017.818,1501.632,0,35.6688,0.1,55,10.5,15.1078,10.5,33849
190,2021_Pham et al.,Yes,46.926,35.951,76.61,35176,16.4134,310.9865,4457.97,2017.818,1501.632,0,41.5762,0.1,55,11,16.2947,11,13057
100,2019_Cao et al.,Yes,62.6,59.3,94.73,11770,15.4424,3666.89,33200,14700,6515,0,35.3177,0.3,37,4.1,10,4.1,8245
101,2019_Cao et al.,Yes,62.6,59.3,94.73,15573,15.7874,3495.0545,33200,14700,6515,0,33.9187,0.3,37,4.5,10,4.5,9800
174,2021_Luo et al.,Yes,102.6,93.8,91.32,35175,29,1313.1847,66500,12200,1200,0,27.8937,0.6,35,4.95,8,4.95,24540
12,2013_Chen et al.,Yes,256.5,222,87,22458.7706,39.1,3666.89,136000,42000,13000,0,12.28,5,37,6,6,6,18570
13,2013_Chen et al.,Yes,256.5,222,87,15311.7205,39.1,3666.89,136000,42000,13000,0,12.28,5,37,8,6,8,69240
14,2013_Chen et al.,Yes,256.5,222,87,20278.3197,39.1,3666.89,136000,42000,13000,0,12.28,5,37,10,6,10,15620
575,2021_Xiang Li et al.,Yes,125.6,123.8,98,9804.8224,10.5,197,22900,8996.1436,2399.6281,0,14.53,0.8,50,7,9.6687,7,15100
576,2021_Xiang Li et al.,Yes,125.6,123.8,98,9563.3794,10.5,197,22900,8858.7693,2355.5346,0,14.53,0.8,50,7,9.6008,7,29500
577,2021_Xiang Li et al.,Yes,125.6,123.8,98,9497.3029,10.5,197,22900,8868.218,2362.4856,0,14.53,0.8,50,7,9.6015,7,22900
578,2021_Xiang Li et al.,Yes,125.6,123.8,98,9653.6983,10.5,197,22900,8858.7693,2355.5346,0,14.53,0.8,50,7,9.5672,7,25500
579,2021_Xiang Li et al.,Yes,125.6,123.8,98,9362.0422,10.5,197,22900,8924.7066,2386.5225,0,14.53,0.8,50,7,9.5768,7,21700
580,2021_Xiang Li et al.,Yes,125.6,123.8,98,10082.6286,10.5,197,22900,9078.2764,2409.3446,0,14.53,0.8,50,7,9.6887,7,7900
581,2020_Zhang Q. et al.,Yes,100.6,97.5,97,21103.4794,19.2333,1392.044,85100,10500,3126.8003,0,14.53,0.3,37,3.1,8,3.1,14700.8
582,2020_Zhang Q. et al.,Yes,120.8,116.4,97,24849.3146,15.6505,3666.89,60200,29800,7400,0,14.53,0.3,37,3.8,8,3.8,11563.4
583,2020_Zhang Q. et al.,Yes,100.6,97.5,97,21362.449,19.4195,1000.6227,85100,10500,2915.5418,0,14.53,0.3,37,4.5,8,4.5,21711.6
584,2020_Zhang Q. et al.,Yes,120.8,116.4,97,25096.7249,15.7038,3666.89,60200,29800,7400,0,14.53,0.3,37,5,8,5,11952.4
606,2018_Ye et al.,Yes,39.45,36.332,92,39076,22.8917,491.7469,4300,4271.4956,2249.058,0,14.53,1,35,7,7,7,13110
607,2018_Ye et al.,Yes,39.45,36.332,92,39076,23.6768,475.7431,11770,4827.5458,2140.2683,0,14.53,1,35,7,7,7,23210
608,2018_Ye et al.,Yes,39.45,36.332,92,39076,22.9515,472.2844,7530,4778.0202,2255.1019,0,14.53,1,35,7,7,7,17440
609,2018_Ye et al.,Yes,39.45,36.332,92,39076,22.538,478.7936,11820,4918.4326,2276.2042,0,14.53,1,35,7,7,7,16530
610,2018_Jun Li; Wenjuan Zhan,Yes,200.15,195.75,98,4500,38,430.2386,7000,7807.5403,2311.3097,0,14.53,1,50,7.5,8,7.5,26890
611,2018_Jun Li; Wenjuan Zhan,Yes,200.15,195.75,98,7500,39.4,417.9739,11000,7863.7685,2305.9974,0,14.53,1,50,7.5,8,7.5,27030
612,2018_Jun Li; Wenjuan Zhan,Yes,200.15,195.75,98,6000,39.1,456.2414,5000,7382.2819,2304.9343,0,14.53,1,50,7.5,8,7.5,25490
613,2018_Jun Li; Wenjuan Zhan,Yes,200.15,195.75,98,7000,38,418.557,10000,7841.6198,2305.9974,0,14.53,1,50,7.5,8,7.5,29550
614,2018_Jun Li; Wenjuan Zhan,Yes,200.15,195.75,98,10700,39.4,413.6628,9000,7907.0696,2278.2722,0,14.53,1,50,7.5,8,7.5,28900
615,2018_Jun Li; Wenjuan Zhan,Yes,200.15,195.75,98,6600,39.1,465.3365,6000,7673.957,2349.5385,0,14.53,1,50,7.5,8,7.5,20590
55,2015_Li et al.,Yes,97.42,94.68,97.19,26670,26.1,3476.9664,68310,14310,3481.1471,0,16.67,1.2,21,7,9.1935,7,9470
56,2015_Li et al.,Yes,97.42,94.68,97.19,26670,26.1,3175.9838,68310,14310,3308.5133,0,16.67,1.2,21,11,9.2235,11,19210
329,2024_Quan et al.,Yes,236.42,222.79,94.24,20582.9427,18.2891,3666.89,75950,20300.216,6044.546,0,16.67,0.3,37,7,12,7,14271
330,2024_Quan et al.,Yes,236.42,222.79,94.24,20535.8193,19.2781,3666.89,75950,19788.288,5897.1198,0,16.67,0.3,37,7,12,7,18490
314,2024_Li et al.,Yes,82.567,77.613,94,20843.1395,18.1081,1972.09,41123,12658,4371.1591,0,17.4,0.3,37,6.7,6,6.7,10872
315,2024_Li et al.,Yes,82.567,77.613,94,20919.1598,18.3064,1983.9846,41123,12658,4356.437,0,17.4,0.3,37,6.7,6,6.7,12447
316,2024_Li et al.,Yes,82.567,77.613,94,20951.2182,18.4197,1973.6938,41123,12658,4342.3371,0,17.4,0.3,37,6.7,6,6.7,13930
317,2024_Li et al.,Yes,82.567,77.613,94,20871.7493,18.1685,1970.5442,41123,12658,4371.1591,0,17.4,0.3,37,6.7,6,6.7,11604
318,2024_Li et al.,Yes,82.567,77.613,94,20973.8428,18.5664,1943.2019,41123,12658,4161.7585,0,17.4,0.3,37,6.7,6,6.7,19020
319,2024_Li et al.,Yes,82.567,77.613,94,20927.9161,18.2844,1982.7864,41123,12658,4322.8469,0,17.4,0.3,37,6.7,6,6.7,13330
549,2024_Zhou et al.,Yes,30,21,70,3970,7.2,195,1920,2460,2348.8592,0,20,0.45,35,7.8,16,7.8,2748.4
551,2024_Xue et al.,Yes,8.18,4.7,57.51,530,25,60,4500,1800,1000,0,20,0.4,38,6,30,6,6000
457,2020_Hu,Yes,23.54,21.85,92.82,7117.5827,15.5,763.556,7446.2653,5327.2172,7544.7171,0,24.81,3,35,5.74,8.314,5.74,1531.4
458,2020_Hu,Yes,23.54,21.85,92.82,10475.3969,15.5,541.8311,7418.7854,5195.6453,5707.8381,0,24.81,3,55,5.74,9.1887,5.74,1484
459,2020_Hu,Yes,23.54,21.85,92.82,10331.0427,15.5,550.0758,7797.8025,5347.9504,5717.6861,0,24.81,3,55,5.74,9.1034,5.74,3061.6
548,2024_Zhou et al.,Yes,30,21,70,3700,8.1,195,1840,2327.5,2240.3629,0,24.81,0.45,35,7.7,16,7.7,3228.54
552,2024_Xue et al.,Yes,8.5,5,58,600,20,70,4800,2000,1100,0,24.81,0.4,38,5.7,30,5.7,6200
592,2019_Qian et al.,Yes,139.2,118.32,85,7900,20.4,1701,7710,9252,3084,0,24.81,1.045,38.5,5.67,10,5.67,12300
593,2019_Qian et al.,Yes,139.2,118.32,85,7900,20.4,1600,7710,9252,3084,0,24.81,1.045,38.5,7.77,10,7.77,18900
594,2019_Qian et al.,Yes,139.2,118.32,85,7900,20.4,1400,7710,9252,3084,0,24.81,1.045,38.5,5.24,10,5.24,15000
595,2019_Qian et al.,Yes,139.2,118.32,85,7900,20.4,1600,7710,9252,3084,0,24.81,1.045,38.5,6.53,10,6.53,14500
596,2019_Qian et al.,Yes,139.2,118.32,85,7900,20.4,1500,7710,9252,3084,0,24.81,1.045,38.5,7.62,10,7.62,19200
597,2019_Qian et al.,Yes,139.2,118.32,85,7900,20.4,1300,7710,9252,3084,0,24.81,1.045,38.5,5.12,10,5.12,16000
598,2019_Qian et al.,Yes,139.2,118.32,85,7900,20.4,1800,7710,9252,3084,0,24.81,1.045,38.5,6.68,10,6.68,18900
599,2019_Qian et al.,Yes,139.2,118.32,85,7900,20.4,1700,7710,9252,3084,0,24.81,1.045,38.5,6.81,10,6.81,20400
600,2019_Qian et al.,Yes,139.2,118.32,85,7900,20.4,1500,7710,9252,3084,0,24.81,1.045,38.5,6.27,10,6.27,17000
413,2018_Zhu,Yes,59.6,59.36,99.6,10609.5,20.9119,1418.3,15296.1135,7509.9304,4032.182,0,32.89,1.5,37,6.03,9.9746,6.03,9191.2
414,2018_Zhu,Yes,60.6,60.36,99.6,13434.4,21.7682,1443.9,20847.6834,8779.9015,3947.6076,0,32.89,1.5,37,6.03,10.4518,6.03,11990.5
415,2018_Zhu,Yes,61.6,61.36,99.6,14087.4,21.8505,1469.6,21469.944,8949.4381,3858.0617,0,32.89,1.5,37,6.03,10.4152,6.03,12617.8
416,2018_Zhu,Yes,62.6,62.36,99.6,15077.3,22.0533,1383.3,21764.7163,8788.5975,3832.7624,0,32.89,1.5,37,6.03,10.3856,6.03,13694
417,2018_Zhu,Yes,63.6,63.36,99.6,10395.3,20.9467,1418.3,15995.3842,7562.3408,4028.4446,0,32.89,1.5,37,6.03,10.0189,6.03,8977
418,2018_Zhu,Yes,64.6,64.36,99.6,10938.2,21.376,1443.9,17948.7057,8088.8502,4011.6312,0,32.89,1.5,37,6.03,10.0651,6.03,9494.3
419,2018_Zhu,Yes,65.6,65.36,99.6,11827.6,21.8207,1469.6,19439.5335,8917.3213,3983.9839,0,32.89,1.5,37,6.03,10.2494,6.03,10358
420,2018_Zhu,Yes,66.6,66.36,99.6,12930.3,22.1494,1383.3,20234.577,9150.3806,3957.7004,0,32.89,1.5,37,6.03,10.3895,6.03,11547
73,2016_Yang et al.,Yes,30,27.5,91.67,6832.9023,17.1492,645.9737,5877.8552,2873.8551,2893.7323,0,33.33,0.8,35,6,8,6,1337.4
522,2023_Shan-Yan Dong et al.,Yes,31.2,17.7,56.73,3266.67,28.2,146.5989,7515,545,1173.3811,0,33.33,0.8,35,7,15,7,1237.79
540,2024_Zhu et al.,Yes,27,11.043,40.9,3542.0452,8.3,390,10800,6750,2700,0,33.33,0.45,37,4.8,12,4.8,5500
541,2024_Zhu et al.,Yes,27,11.043,40.9,3542.0452,8.3,390,10800,6750,2700,0,33.33,0.45,37,4.88,12,4.88,5500
542,2024_Zhu et al.,Yes,27,11.043,40.9,4977.981,8.3,390,10800,6750,2700,0,33.33,0.45,37,4.85,6,4.85,7589.7
543,2024_Zhu et al.,Yes,27,11.043,40.9,4968.6014,8.3,390,10800,6750,2700,0,33.33,0.45,37,4.9,3,4.9,6500
544,2024_Zhu et al.,Yes,27,11.043,40.9,4966.5449,8.3,390,10800,6750,2700,0,33.33,0.45,37,4.86,3,4.86,6500
545,2024_Zhu et al.,Yes,27,11.043,40.9,4966.5449,8.3,390,10800,6750,2700,0,33.33,0.45,37,4.75,3,4.75,6500
547,2024_Zhou et al.,Yes,29,20.5,70,3140,7.82,195,1680,2115,2191.9778,0,33.33,0.45,35,7.5,16,7.5,3077.64
553,2024_Xue et al.,Yes,8.75,5.3,60,700,18,75,4900,2200,1200,0,33.33,0.4,38,5.65,30,5.65,6500
554,2024_Xue et al.,Yes,8.85,5.4,61,800,17,80,5000,2300,1300,0,33.33,0.4,38,5.4,30,5.4,6900
585,2020_Tao et al.,Yes,126,116,92,14897.6818,20,875.4571,46100,10400,2538.3836,0,37.5,0.5,35,7,15,7,17900
586,2020_Tao et al.,Yes,126,116,92,17826.4476,30,839.0284,46100,10400,2050.9692,0,37.5,0.5,35,7,15,7,17600
587,2020_Tao et al.,Yes,126,116,92,17660.9607,30,838.0558,46100,10400,2065.2423,0,37.5,0.5,35,7,15,7,18600
588,2020_Tao et al.,Yes,126,116,92,17826.4476,30,840.5322,46100,10400,2052.4324,0,37.5,0.5,35,7,15,7,17900
589,2020_Tao et al.,Yes,126,116,92,17826.4476,30,839.0284,46100,10400,2050.9692,0,37.5,0.5,35,7,15,7,17600
590,2020_Tao et al.,Yes,126,116,92,17660.9607,30,838.0558,46100,10400,2065.2423,0,37.5,0.5,35,7,15,7,18600
591,2020_Tao et al.,Yes,126,116,92,17660.9607,30,838.0558,46100,10400,2065.2423,0,37.5,0.5,35,7,15,7,18600
67,2016_Yang et al.,Yes,31.23,30.34,97.2,3790,17.6141,730.6539,9390,1421,2938.4805,0,40,0.8,35,10,8,10,1401.4
68,2016_Yang et al.,Yes,31.23,30.34,97.2,3790,18.3669,595.0636,2857,3855,2702.5018,0,40,0.8,35,10,8,10,6262.3
69,2016_Yang et al.,Yes,31.23,30.34,97.2,3790,18.5153,608.0078,3399,3700,2695.6361,0,40,0.8,35,10,8,10,6971.3
70,2016_Yang et al.,Yes,31.23,30.34,97.2,3790,18.364,594.0847,3836,3058,2629.6471,0,40,0.8,35,10,8,10,5465.5
71,2016_Yang et al.,Yes,31.23,30.34,97.2,3790,18.7442,647.167,4664,4753,2829.9171,0,40,0.8,35,10,8,10,8631.7
72,2016_Yang et al.,Yes,31.23,30.34,97.2,3790,18.784,631.5226,4836,5145,2820.3154,0,40,0.8,35,10,8,10,8943.1
1,2010_Hong et al.,Yes,134,126.9,94.7,11475.1159,17.3541,600,10564.7846,5277.3662,3028.0769,0,40.12,0.2,35,6.5,8,6.5,25721.06
2,2010_Hong et al.,Yes,135,127.9,94.7,10875.6105,17.2433,600,9289.2317,4650.3772,3002.3563,0,40.12,0.2,35,6.99,8,6.99,29099
74,2016_Yang et al.,Yes,30,27.5,91.67,6736.815,17.4516,617.2039,4759.2785,2742.6281,2856.9349,0,40.12,0.8,35,6,8,6,1401.4
77,2016_Yang et al.,Yes,30,27.5,91.67,7474.0458,18.2213,654.7007,4921.3342,3110.6069,2834.1264,0,40.12,0.8,35,6,8,6,3456.1
78,2016_Yang et al.,Yes,30,27.5,91.67,7708.3057,18.6031,650.1433,4763.217,3216.1895,2861.5066,0,40.12,0.8,35,6,8,6,4126.9
79,2016_Yang et al.,Yes,30,27.5,91.67,8237.367,18.5543,644.5848,5027.1794,3259.848,2789.4303,0,40.12,0.8,35,6,8,6,4796.9
80,2016_Yang et al.,Yes,30,27.5,91.67,8436.4393,18.3761,615.3943,4894.2644,3177.6504,2768.4095,0,40.12,0.8,35,6,8,6,5286.1
81,2016_Yang et al.,Yes,30,27.5,91.67,3962.9561,17.4019,489.7028,3509.8685,3142.9108,2660.9609,0,40.12,0.8,35,10,8,10,6262.3
82,2016_Yang et al.,Yes,30,27.5,91.67,4088.2973,18.0149,514.3342,3631.7456,3593.1368,2674.6244,0,40.12,0.8,35,10,8,10,8631.7
348,2025_Fu et al.,Yes,175.55,177.185,99.08,7200,17.9641,3100,11900,1400,3587.3171,0,50,0.4,35,7,8.305,7,10217.1
349,2025_Fu et al.,Yes,175.55,177.185,99.08,7200,18.1208,3100,11900,1400,3577.0866,0,50,0.4,35,7,8.3583,7,11623.5
350,2025_Fu et al.,Yes,175.55,177.185,99.08,9450,18.0124,3100,11900,1400,3610.1636,0,50,0.4,35,7,8.2737,7,13164.86
351,2025_Fu et al.,Yes,175.55,177.185,99.08,9450,17.9405,3100,11900,1400,3610.1636,0,50,0.4,35,7,8.2737,7,12438.4
521,2023_Shan-Yan Dong et al.,Yes,32.5,18.7,57.54,5560,28.2,185.1274,1712,2475,1984.5975,0,50,0.8,35,7,15,7,1487.58
546,2024_Zhou et al.,Yes,28,19.5,70,2410,6.06,195,1320,1685,2044.9945,0,50,0.45,35,7.5,16,7.5,2526.03
563,"2021_Bao-Shan Xing, Xiaochang C. Wang",Yes,84.2,72.6,86,47000,41.9,712,2530,4100,1932.7494,0,50,0.7,39,7.2,12.5523,7.2,11600
564,"2021_Bao-Shan Xing, Xiaochang C. Wang",Yes,84.2,72.6,86,47000,41.9,712,2530,4100,1932.7494,0,50,0.7,39,7.2,12.5523,7.2,11600
565,"2021_Bao-Shan Xing, Xiaochang C. Wang",Yes,84.2,72.6,86,47000,41.9,712,2530,4100,1864.3289,0,50,0.7,39,4.81,12.3531,4.81,11200
566,2021_Vidal-Antich et al.,Yes,48.5,34.2,71,815.5,13.5,1665.8606,7760,14550,4850,0,50,0.15,35,5,14,5,2581.9
569,2021_Vidal-Antich et al.,Yes,45.6,31.7,70,815.5,13.5,1619.2615,6840,14592,4104,0,50,0.15,35,4.8,14,4.8,2089
572,2021_Vidal-Antich et al.,Yes,45.6,31.7,70,815.5,13.5,1454.615,7296,13680,4560,0,50,0.15,35,5.3,14,5.3,2089
485,2021_Li,Yes,32.36,30,92.72,11450.6504,17.64,813.3315,13387.332,3828.188,3008.2964,0,54.55,0.4,37,4.78,8.2617,4.78,5076
486,2021_Li,Yes,32.36,30,92.72,11399.7391,17.64,814.8516,13387.332,3828.188,3029.2519,0,54.55,0.4,37,4.78,8.1812,4.78,5616
487,2021_Li,Yes,34.91,30,85.94,8339.7591,13.38,805.9304,14442.267,4129.853,3019.5439,0,54.55,0.4,37,5.03,10.2588,5.03,5260.7
488,2021_Li,Yes,32.36,30,92.72,11281.959,17.64,811.0087,13387.332,3828.188,3039.034,0,54.55,0.4,37,4.78,8.1798,4.78,4287.8
489,2021_Li,Yes,32.36,30,92.72,11481.0075,17.64,813.3344,13387.332,3828.188,3004.3175,0,54.55,0.4,37,4.78,8.2416,4.78,5020.4
490,2021_Li,Yes,32.36,30,92.72,11450.6504,17.64,813.3344,13387.332,3828.188,3008.2964,0,54.55,0.4,37,4.78,8.2617,4.78,5035.3
75,2016_Yang et al.,Yes,30,27.5,91.67,6903.3095,17.6464,683.6297,5340.2065,2987.9823,2936.471,0,60,0.8,35,6,8,6,1277.4
443,2019_Wang,Yes,161,155,96.3,21671.6215,22.9329,3666.89,57545.5004,21393.624,6205.0024,0,61.54,1.8,37,5.01,12.1841,5.01,16357.3
444,2019_Wang,Yes,161,155,96.3,21671.6215,22.8173,3666.89,57494.7233,21320.408,6323.6362,0,61.54,1.8,37,5.01,12.0579,5.01,18934.2
445,2019_Wang,Yes,161,155,96.3,20593.2274,23.2138,3666.89,57244.7361,21154.888,6231.7977,0,61.54,1.8,37,5.01,12.1388,5.01,23315
447,2019_Wang,Yes,257,230,89.7,18229.9801,28.9408,3666.89,59173.5364,23383.312,5948.322,0,61.54,1.8,37,3.97,13.7421,3.97,7126.7
448,2019_Wang,Yes,257,230,89.7,20834.1492,28.9482,3666.89,61830.0364,23621.144,6026.0347,0,61.54,1.8,37,3.97,13.1591,3.97,9424.3
449,2019_Wang,Yes,257,230,89.7,20817.9684,29.6506,3666.89,64395.0188,23578.784,5973.7743,0,61.54,1.8,37,3.97,13.2401,3.97,14293
76,2016_Yang et al.,Yes,30,27.5,91.67,7259.94,18.0625,705.4695,6307.7954,3148.5564,3020.9337,0,66.67,0.8,35,6,8,6,1014.7
410,2018_Du,Yes,23.7,22.9,96.6,13112.4,14.8,1384.3,15675.18,4168.83,3050.19,0,66.67,0.3,37,7.61,8.7104,7.61,5456.9
411,2018_Du,Yes,23.7,22.9,96.6,13112.4,14.8,1385.3,15675.18,4168.83,3050.19,0,66.67,0.3,37,7.61,8.6552,7.61,4846.3
412,2018_Du,Yes,23.7,22.9,96.6,13112.4,14.8,1386.3,15675.18,4168.83,3050.19,0,66.67,0.3,37,7.61,8.5241,7.61,6454.1
461,2020_Ma,Yes,164.9,160.1,97.1,38200,10.3,3666.89,55200,18300,4874.3254,0,66.67,0.09,35,5.2,8.9214,5.2,18851
462,2020_Ma,Yes,164.9,160.1,97.1,38200,10.3,3666.89,55200,18300,4857.7849,0,66.67,0.09,35,5.2,8.9369,5.2,19145
463,2020_Ma,Yes,164.9,160.1,97.1,38200,10.3,3666.89,55200,18300,5033.5307,0,66.67,0.09,35,5.2,8.856,5.2,12792
520,2023_Shan-Yan Dong et al.,Yes,33,20.6,62.42,6533.4,28.2,195.1165,1907.2,4600,2026.8625,0,66.67,0.8,35,7,15,7,5716.69
555,2024_Xue et al.,Yes,21.44,20.48,95.51,20960,25,51.58,4114.47,511.5482,195.2202,0,66.67,0.4,38,7,30,7,7000
602,2019_Chen et al.,Yes,41,30.75,75,1993.5306,18.8,103.924,6504.521,1006.4071,335.7468,0,66.67,0.4,35,6.3,39,6.3,3583
467,2020_Ma,Yes,164.9,160.1,97.1,38200,10.3,3666.89,55200,18300,5051.0754,0,67,0.09,35,5.2,8.8571,5.2,9144.3
468,2020_Ma,Yes,164.9,160.1,97.1,38200,10.3,3666.89,55200,18300,5041.4434,0,67,0.09,35,5.2,8.885,5.2,11190.7
469,2020_Ma,Yes,164.9,160.1,97.1,38200,10.3,3666.89,55200,18300,5052.6208,0,67,0.09,35,5.2,8.885,5.2,10273.3
470,2020_Ma,Yes,164.9,160.1,97.1,38200,10.3,3666.89,55200,18300,5041.4434,0,67,0.09,35,5.2,8.885,5.2,10901.5
471,2020_Ma,Yes,164.9,160.1,97.1,38200,10.3,3666.89,55200,18300,5050.0478,0,67,0.09,35,5.2,8.885,5.2,10153.7
464,2020_Ma,Yes,164.9,160.1,97.1,38200,10.3,3666.89,55200,18300,5032.5249,0,69.97,0.09,35,5.2,8.8865,5.2,13493
473,2021_Jing,Yes,231.66,221,95.4,13882.2952,29.8496,3666.89,30589.7698,13359.7116,4395.4889,0,69.97,1.5,39,6.06,10.6232,6.06,9445.4
474,2021_Jing,Yes,231,221,95.4,15293.8827,30.1339,3666.89,35699.6325,14271.3696,4627.3887,0,69.97,1.5,39,6.06,10.8271,6.06,11995.6
475,2021_Jing,Yes,231,221,95.4,15485.7038,30.032,3666.89,35737.064,14275.9536,4582.8261,0,69.97,1.5,39,6.06,10.844,6.06,12991.8
476,2021_Jing,Yes,231,221,95.4,15267.4031,30.1979,3666.89,36380.8205,14026.8096,4599.0074,0,69.97,1.5,39,6.06,10.7973,6.06,14329.5
477,2021_Jing,Yes,231,221,95.4,13878.2906,29.6287,3666.89,32528.8417,13982.9835,4385.3413,0,69.97,1.5,39,6.06,10.9188,6.06,9584.8
478,2021_Jing,Yes,231,221,95.4,14004.307,30.2929,3666.89,30178.1909,13248.5276,4315.0679,0,69.97,1.5,39,6.06,10.8359,6.06,10800
479,2021_Jing,Yes,231,221,95.4,14003.0312,30.4928,3666.89,30181.7774,13248.5276,4315.0679,0,69.97,1.5,39,6.06,10.8359,6.06,11051
531,2024_Perez-Esteban et al.,Yes,36,27,75,13600,22.8,274,7200,5400,9267.552,0,69.97,4,25,4.9,3.5,4.9,8529
532,2024_Perez-Esteban et al.,Yes,34,26,76.47,17100,22.8,473,6800,5200,9267.552,0,69.97,4,25,4.8,3.5,4.8,10653
533,2024_Perez-Esteban et al.,Yes,35,24,68.57,18900,22.8,751,7000,4800,9267.552,0,69.97,4,25,5.2,3.5,5.2,10960
534,2024_Perez-Esteban et al.,Yes,40,28,70,14600,31.7,169,8000,5600,7661.7612,0,69.97,4,55,5.5,3.5,5.5,9012
535,2024_Perez-Esteban et al.,Yes,35,26,74.29,19400,31.7,477,7000,5200,8626.5597,0,69.97,4,55,5.4,3.5,5.4,15291
567,2021_Vidal-Antich et al.,Yes,45.6,31.7,70,815.5,10.9,996.7111,8208,12768,4560,0,69.97,0.15,35,5.5,14,5.5,2581.9
570,2021_Vidal-Antich et al.,Yes,57.6,42.9,74,815.5,10.9,3071.7676,10368,17280,4608,0,69.97,0.15,35,5.3,14,5.3,2497.7
573,2021_Vidal-Antich et al.,Yes,57.6,42.9,74,815.5,10.9,2066.2732,10368,16128,5184,0,69.97,0.15,35,5.4,14,5.4,2497.7
603,2019_Chen et al.,Yes,55,41.25,75,3177.6588,19.7,199.1016,1557.2557,1848.5717,757.8788,0,71.43,0.4,35,6.5,39,6.5,7974
434,2019_Liang,Yes,35.84,34.78,97.03,6186.8609,15.5,962.7266,9231.18,5119.89,3558.3578,0,75,0.23,35,5,8.5691,5,2219
435,2019_Liang,Yes,35.84,34.78,97.03,8319.6476,15.5,1006.8645,10233.1327,5012.3199,3385.9373,0,75,0.25,35,5,8.546,5,8957
436,2019_Liang,Yes,35.84,34.78,97.03,8264.3888,15.5,1006.8645,10233.1327,5008.4153,3385.9373,0,75,0.25,35,5,8.546,5,8897
437,2019_Liang,Yes,35.84,34.78,97.03,8251.8704,15.5,1009.6856,10174.7435,5026.3171,3385.9373,0,75,0.25,35,5,8.546,5,8538
556,2024_Xue et al.,Yes,9.5,4.2,65,500,23,58,4500,2000,1000,0,75,0.4,38,5.6,30,5.6,7200
559,2024_Lin et al.,Yes,29.1,22.1,76,108.6013,12.5,59.5,6100,2950,610,0,75,0.4296,38,6.66,16,6.66,7999.78
560,2024_Lin et al.,Yes,28,20,73,5471.6,3.71,148,2613.4,183.8,2613.4,0,75,0.4296,38,6.36,16,6.36,12052.55
561,2024_Lin et al.,Yes,29.1,22.1,76,96.5,12.5,59.5,6100,2950,610,0,75,0.4296,38,6.66,16,6.66,9021.42
562,2024_Lin et al.,Yes,28,20,73,5471.6,3.71,148,2613.4,183.8,2613.4,0,75,0.4296,38,6.36,16,6.36,12052.55
604,2019_Chen et al.,Yes,54,40.5,75,2443.8225,20.6,177.5543,1352.1838,1807.1515,717.6622,0,75,0.4,35,6.5,39,6.5,4937
557,2024_Xue et al.,Yes,10,5,55,600,20,65,4700,2100,1100,0,80,0.4,38,5.55,30,5.55,7400
605,2019_Chen et al.,Yes,52,39,75,3052.1518,22.2,170.9876,1386.2708,1655.4909,710.2386,0,80,0.4,35,6.5,39,6.5,12200
529,2018_Li et al.,Yes,210.5,202.98,96.4,8538.5948,46,705.8609,6185.9441,5724.2926,2307.1365,0,85.71,1,50,7.5,8,7.5,22520
530,2018_Li et al.,Yes,210.5,202.98,96.4,8814.4516,46,729.0719,5964.4335,5802.2274,2327.1705,0,85.71,1,50,7.5,8,7.5,10950
432,2019_Liang,Yes,35.84,34.78,97.03,8956.8712,15.5,988.4782,10351.9509,5273.1698,3374.5957,0,87.5,0.23,35,5,8.5727,5,9534
438,2019_Liang,Yes,35.84,34.78,97.03,8320.2166,15.5,981.2648,10171.1279,5364.3491,3384.5185,0,87.5,0.25,35,5,8.546,5,8091
439,2019_Liang,Yes,35.84,34.78,97.03,8075.1811,15.5,1010.3345,10518.7172,5345.7906,3349.6024,0,87.5,0.25,35,5,8.6929,5,5555
440,2019_Liang,Yes,35.84,34.78,97.03,7983.865,15.5,1011.565,10515.1601,5274.0794,3349.6024,0,87.5,0.25,35,5,8.7469,5,5140
441,2019_Liang,Yes,35.84,34.78,97.03,7952.4628,15.5,1011.5684,10519.058,5275.8048,3349.6024,0,87.5,0.25,35,5,8.7469,5,5115
442,2019_Liang,Yes,35.84,34.78,97.03,7905.6985,15.5,1015.346,10510.3204,5275.3728,3342.5616,0,87.5,0.25,35,5,8.7617,5,4943
465,2020_Ma,Yes,164.9,160.1,97.1,38200,10.3,3666.89,55200,18300,4973.0248,0,90,0.09,35,5.2,9.0955,5.2,1469.3
568,2021_Vidal-Antich et al.,Yes,57.6,42.9,74,815.5,8.3,2689.1458,6912,17280,4608,0,90,0.15,35,6,14,6,2089
571,2021_Vidal-Antich et al.,Yes,57.6,42.9,74,815.5,8.3,3228.0984,6912,18432,5184,0,90,0.15,35,6.5,14,6.5,2497.7
574,2021_Vidal-Antich et al.,Yes,57.6,42.9,74,815.5,8.3,1871.8336,7789.9946,15563.9039,4993.2089,0,90,0.15,35,6,14,6,2497.7
433,2019_Liang,Yes,35.84,34.78,97.03,7985.5513,15.5,1018.4104,10434.5406,5347.9419,3356.2268,0,93.75,0.23,35,5,8.715,5,5555.3
127,2019_Zhang et al.,Yes,30,27.62,92.08,7870.1229,13.4535,532.8156,2369.5,1850,2536.7534,0,57.132,0.1,37,7.06,8.6659,7.06,2500
128,2019_Zhang et al.,Yes,30,27.62,92.08,8383.2273,13.8633,545.7291,2369.5,1850,2458.6869,0,55.8151,0.1,37,6.17,8.4599,6.17,6687.5
129,2019_Zhang et al.,Yes,30,27.62,92.08,7802.1462,14.0376,522.2461,2369.5,1850,2506.4733,0,54.1486,0.1,37,5.23,8.4765,5.23,2650
130,2019_Zhang et al.,Yes,30,27.62,92.08,8341.2841,14.1509,507.5469,2369.5,1850,2485.6648,0,54.0783,0.1,37,5,8.4601,5,1750
131,2019_Zhang et al.,Yes,30,27.62,92.08,9156.7554,14.5667,499.709,2369.5,1850,2460.4931,0,51.6497,0.1,37,4.62,8.3645,4.62,4000
145,"2020_Wu, et al.",Yes,13.36,6.77,50.67,1224.7,24,73.0246,1045.037,517.0737,322.696,0,43.3505,0.3,35,6,28,6,3114
146,"2020_Wu, et al.",Yes,13.36,6.77,50.67,1224.7,24,71.5946,1013.212,420.8357,317.121,0,43.6108,0.3,35,6,28,6,4741
147,"2020_Wu, et al.",Yes,13.36,6.77,50.67,1224.7,24,68.5274,1024.718,330.0785,326.427,0,52.2721,0.3,35,6,28,6,7671
148,"2020_Wu, et al.",Yes,13.36,6.77,50.67,1224.7,24,215.7376,3752.207,20172.802,1166.659,0,41.534,0.3,35,3,24.7501,3,6430
149,"2020_Wu, et al.",Yes,13.36,6.77,50.67,1224.7,24,216.0602,3373.746,22233.695,1173.845,0,41.0897,0.3,35,3,25.3794,3,1415
150,"2020_Wu, et al.",Yes,13.36,6.77,50.67,1224.7,24,216.2971,3609.55,22232.637,1174.948,0,41.2299,0.3,35,3,25.3236,3,2509
151,"2020_Wu, et al.",Yes,13.36,6.77,50.67,1224.7,24,216.5326,3683.283,20377.402,1139.457,0,41.2641,0.3,35,3,25.2446,3,6012
152,"2020_Wu, et al.",Yes,13.36,6.77,50.67,1224.7,24,216.6622,3451.922,22875.013,1194.989,0,46.2107,0.3,35,4,24.8098,4,1238
153,"2020_Wu, et al.",Yes,13.36,6.77,50.67,1224.7,24,216.6561,3711.824,23394.797,1196.093,0,46.1881,0.3,35,4,24.8858,4,2509
154,"2020_Wu, et al.",Yes,13.36,6.77,50.67,1224.7,24,214.5685,3686.649,21323.219,1166.235,0,46.3196,0.3,35,4,25.4989,4,4315
155,"2020_Wu, et al.",Yes,13.36,6.77,50.67,1224.7,24,212.1556,3542.008,20524.234,1125.521,0,46.3863,0.3,35,4,25.4594,4,4944
156,"2020_Wu, et al.",Yes,13.36,6.77,50.67,1224.7,24,99.9451,1298.224,8726.981,433.064,0,48.1633,0.3,35,5,28,5,1510
157,"2020_Wu, et al.",Yes,13.36,6.77,50.67,1224.7,24,96.8387,1279.016,8219.549,423.33,0,48.4958,0.3,35,5,28,5,2930
158,"2020_Wu, et al.",Yes,13.36,6.77,50.67,1224.7,24,89.6206,1253.465,6637.349,379.336,0,48.6567,0.3,35,5,28,5,4944
159,"2020_Wu, et al.",Yes,13.36,6.77,50.67,1224.7,24,85.8177,1221.443,643.5481,375.627,0,55.033,0.3,35,5,28,5,7738
164,2021_Gong et al.,Yes,213.4,197.6,92.59,17190,16.7,692.48,9400,2940,2018.0926,0,38.0124,0.38,35,7,4,7,10620
165,2021_Gong et al.,Yes,213.4,197.6,92.59,18930,16.7,622.06,1290,3230,2194.7685,0,33.2116,0.38,35,10,4,10,12930
166,2021_Gong et al.,Yes,213.4,197.6,92.59,19230,16.7,840.18,3660,4380,2228.8351,0,38.3395,0.38,55,7,4,7,10990
247,2023_Law et al.,Yes,46,45,97.83,9100,21.6728,723.8865,5615.8746,2031.33,23000,0,40.879,5.5,35,6,4,6,6827
248,2023_Law et al.,Yes,56,53,94.64,9500,22.1352,636.549,5823.147,2320,18666.7,0,38.6658,5.5,35,6,4,6,4929
167,2021_Gong et al.,Yes,213.4,197.6,92.6,17780,16.7,416.14,1520,3060,2445.0666,0,42.2883,0.4,35,4.23,4,4.23,9120
168,2021_Gong et al.,Yes,213.4,197.7,92.6,17190,16.7,692.48,9400,2940,2004.7331,0,38.3853,0.4,35,7,4,7,10620
169,2021_Gong et al.,Yes,213.4,197.8,92.6,18930,16.7,622.06,1290,3230,2182.6516,0,33.3344,0.4,35,10,4,10,12930
170,2021_Gong et al.,Yes,213.4,197.9,92.6,19230,16.7,455.09,3660,4380,2057.2372,0,36.1287,0.4,55,4.81,4,4.81,17290
171,2021_Gong et al.,Yes,213.4,197.1,92.6,18590,16.7,840.18,1040,2630,1682.2628,0,40.1558,0.4,55,7,4,7,10990
172,2021_Gong et al.,Yes,213.4,197.11,92.6,21550,16.7,232.96,8980,5160,2103.8109,0,27.9154,0.4,55,10,4,10,17300
